complaint_id,date_received,date_sent_to_company,product,sub_product,issue,sub_issue,company,state,zip_code,tags,submitted_via,company_public_response,company_response,timely,has_narrative
18410767,2026-01-01T23:53:01.000Z,2026-01-02T00:09:42.000Z,Student loan,Federal student loan servicing,Dealing with your lender or servicer,Trouble with how payments are being handled,MOHELA,FL,32224,,Web,,Untimely response,No,True
18410586,2026-01-01T23:47:56.000Z,2026-01-01T23:54:22.000Z,Credit card,Store credit card,Struggling to pay your bill,Problem lowering your monthly payments,"Bread Financial Holdings, Inc.",FL,32210,,Web,,Closed with explanation,Yes,False
18410481,2026-01-01T23:38:48.000Z,2026-01-01T23:46:19.000Z,Mortgage,Conventional home mortgage,Struggling to pay mortgage,"Trying to communicate with the company to fix an issue related to modification, forbearance, short sale, deed-in-lieu, bankruptcy, or foreclosure","SELECT PORTFOLIO SERVICING, INC.",TX,77040,,Web,,Closed with explanation,Yes,True
18410661,2026-01-01T23:36:18.000Z,2026-01-02T00:01:11.000Z,Checking or savings account,Checking account,Managing an account,Deposits and withdrawals,MOUNTAIN AMERICA FEDERAL CREDIT UNION,UT,84660,,Web,,Closed with explanation,Yes,False
18410569,2026-01-01T23:36:17.000Z,2026-01-01T23:52:26.000Z,Vehicle loan or lease,Loan,Incorrect information on your report,Account status incorrect,"SANTANDER HOLDINGS USA, INC.",MD,20772,,Web,,Closed with non-monetary relief,Yes,False
18410567,2026-01-01T23:35:44.000Z,2026-01-01T23:52:27.000Z,Mortgage,Manufactured home loan,Trouble during payment process,Trying to communicate with the company to fix an issue while managing or servicing your loan,"TRIAD FINANCIAL SERVICES, INC.",IN,46526,,Web,,Closed with explanation,Yes,True
18410372,2026-01-01T23:31:26.000Z,2026-01-01T23:37:40.000Z,Student loan,Federal student loan servicing,Dealing with your lender or servicer,Received bad information about your loan,MOHELA,FL,33617,,Web,,Untimely response,No,False
18410432,2026-01-01T23:31:18.000Z,2026-01-01T23:41:23.000Z,Checking or savings account,Checking account,Managing an account,Funds not handled or disbursed as instructed,CAPITAL ONE FINANCIAL CORPORATION,SC,29627,,Web,,Closed with explanation,Yes,False
18410465,2026-01-01T23:25:44.000Z,2026-01-01T23:45:00.000Z,Vehicle loan or lease,Loan,Managing the loan or lease,Problem with additional products or services purchased with the loan,"Carvana Group, LLC",TN,37046,,Web,,Closed with explanation,Yes,False
18410613,2026-01-01T23:25:11.000Z,2026-01-01T23:57:12.000Z,Mortgage,Conventional home mortgage,Struggling to pay mortgage,"Applying for or obtaining a modification, forbearance plan, short sale, or deed-in-lieu","SELECT PORTFOLIO SERVICING, INC.",MD,20601,,Web,,Closed with explanation,Yes,False
18410772,2026-01-01T23:16:57.000Z,2026-01-02T00:10:11.000Z,Vehicle loan or lease,Loan,Managing the loan or lease,Loan sold or transferred to another company,CREDIT ACCEPTANCE CORPORATION,TX,76542,Servicemember,Web,Company has responded to the consumer and the CFPB and chooses not to provide a public response,Closed with explanation,Yes,False
18410222,2026-01-01T23:13:53.000Z,2026-01-01T23:26:47.000Z,Checking or savings account,Checking account,Managing an account,Fee problem,"BANK OF AMERICA, NATIONAL ASSOCIATION",TX,77379,,Web,Company has responded to the consumer and the CFPB and chooses not to provide a public response,Closed with explanation,Yes,False
18410444,2026-01-01T23:12:41.000Z,2026-01-01T23:43:03.000Z,Checking or savings account,Checking account,Problem with a lender or other company charging your account,Transaction was not authorized,BMO BANK NATIONAL ASSOCIATION,CA,93212,Older American,Web,Company has responded to the consumer and the CFPB and chooses not to provide a public response,Closed with explanation,Yes,True
18410321,2026-01-01T23:11:29.000Z,2026-01-01T23:35:06.000Z,Credit card,General-purpose credit card or charge card,Getting a credit card,Card opened without my consent or knowledge,AMERICAN EXPRESS COMPANY,FL,33154,,Web,,Closed with explanation,Yes,False
18410151,2026-01-01T23:11:26.000Z,2026-01-01T23:22:49.000Z,Vehicle loan or lease,Loan,Problems at the end of the loan or lease,Unable to receive car title or other problem after the loan is paid off,Global Lending Services LLC,NE,68701,,Web,,Closed with explanation,Yes,True
18410352,2026-01-01T23:10:34.000Z,2026-01-01T23:36:56.000Z,Mortgage,VA mortgage,Struggling to pay mortgage,"Applying for or obtaining a modification, forbearance plan, short sale, or deed-in-lieu","Rocket Mortgage, LLC",NC,28277,"Older American, Servicemember",Web,,Closed with explanation,Yes,True
18410317,2026-01-01T23:09:57.000Z,2026-01-01T23:34:49.000Z,Credit card,General-purpose credit card or charge card,Problem with a purchase shown on your statement,Credit card company isn't resolving a dispute about a purchase on your statement,DISCOVER BANK,NC,275XX,,Web,,Closed with explanation,Yes,True
18410304,2026-01-01T23:07:45.000Z,2026-02-04T21:33:11.000Z,Checking or savings account,Checking account,Managing an account,Deposits and withdrawals,FIFTH THIRD FINANCIAL CORPORATION,NC,28650,,Web,,Closed with explanation,Yes,False
18410294,2026-01-01T23:05:40.000Z,2026-01-01T23:33:42.000Z,Checking or savings account,Checking account,Closing an account,Company closed your account,Chime Financial Inc,NJ,08844,,Web,,Closed with explanation,Yes,True
18410110,2026-01-01T23:02:59.000Z,2026-01-01T23:20:03.000Z,Credit card,General-purpose credit card or charge card,Fees or interest,Problem with fees,Mercury Financial Intermediate LLC,CO,80206,,Web,,Closed with explanation,Yes,True
18409896,2026-01-01T22:59:41.000Z,2026-01-01T23:05:23.000Z,Student loan,Federal student loan servicing,Dealing with your lender or servicer,Trouble with how payments are being handled,MOHELA,VA,23224,,Web,,Untimely response,No,False
18410108,2026-01-01T22:59:11.000Z,2026-01-01T23:19:35.000Z,Credit card,General-purpose credit card or charge card,Closing your account,Company closed your account,CAPITAL ONE FINANCIAL CORPORATION,CA,91766,,Web,,Closed with explanation,Yes,True
18410234,2026-01-01T22:57:54.000Z,2026-01-01T23:28:09.000Z,Checking or savings account,Checking account,Managing an account,Deposits and withdrawals,KEYCORP,PA,150XX,Servicemember,Web,,Closed with explanation,Yes,True
18410066,2026-01-01T22:56:53.000Z,2026-01-01T23:14:22.000Z,Mortgage,Conventional home mortgage,Trouble during payment process,Trying to communicate with the company to fix an issue while managing or servicing your loan,Mr. Cooper Group Inc.,NJ,07828,,Web,,Closed with explanation,Yes,False
18409820,2026-01-01T22:53:32.000Z,2026-01-01T22:58:24.000Z,Vehicle loan or lease,Loan,Repossession,Deficiency balance after repossession,"SANTANDER HOLDINGS USA, INC.",FL,32168,,Web,,Closed with explanation,Yes,False
18409817,2026-01-01T22:53:02.000Z,2026-01-01T22:58:06.000Z,Checking or savings account,Checking account,Managing an account,Banking errors,CAPITAL ONE FINANCIAL CORPORATION,TX,75082,,Web,,Closed with explanation,Yes,True
18410182,2026-01-01T22:51:10.000Z,2026-01-01T23:24:16.000Z,Vehicle loan or lease,Loan,Managing the loan or lease,Billing problem,UNITED SERVICES AUTOMOBILE ASSOCIATION,VA,23666,,Web,Company has responded to the consumer and the CFPB and chooses not to provide a public response,Closed with explanation,Yes,False
18409834,2026-01-01T22:49:45.000Z,2026-01-01T22:59:38.000Z,Checking or savings account,Checking account,Managing an account,Problem using a debit or ATM card,JPMORGAN CHASE & CO.,IL,60619,,Web,,Closed with monetary relief,Yes,True
18409636,2026-01-01T22:42:33.000Z,2026-01-01T22:47:34.000Z,Checking or savings account,Other banking product or service,Managing an account,Problem accessing account,"Paypal Holdings, Inc",CA,93306,,Web,,Closed with explanation,Yes,False
18409632,2026-01-01T22:41:27.000Z,2026-01-01T22:47:18.000Z,Vehicle loan or lease,Loan,Repossession,Deficiency balance after repossession,"1803 Capital, LLC",FL,34484,,Web,Company believes it acted appropriately as authorized by contract or law,Closed with explanation,No,False
18409862,2026-01-01T22:36:36.000Z,2026-01-01T23:02:26.000Z,Checking or savings account,Other banking product or service,Managing an account,Deposits and withdrawals,Synovus Bank,FL,33467,,Web,,Closed with monetary relief,Yes,False
18409505,2026-01-01T22:33:56.000Z,2026-01-01T22:39:03.000Z,Credit card,General-purpose credit card or charge card,Closing your account,Company closed your account,"BANK OF AMERICA, NATIONAL ASSOCIATION",AZ,85258,,Web,Company has responded to the consumer and the CFPB and chooses not to provide a public response,Closed with explanation,Yes,True
18410210,2026-01-01T22:33:45.000Z,2026-01-01T23:26:05.000Z,Vehicle loan or lease,Loan,Managing the loan or lease,Problem with additional products or services purchased with the loan,CREDIT ACCEPTANCE CORPORATION,FL,34209,,Web,Company has responded to the consumer and the CFPB and chooses not to provide a public response,Closed with explanation,Yes,False
18409966,2026-01-01T22:33:27.000Z,2026-01-01T23:08:39.000Z,Vehicle loan or lease,Loan,Managing the loan or lease,Billing problem,"Byrider Franchising, LLC",FL,324XX,,Web,,Closed with explanation,Yes,True
18409561,2026-01-01T22:32:32.000Z,2026-01-01T22:42:43.000Z,Credit card,General-purpose credit card or charge card,Problem when making payments,Problem during payment process,"CITIBANK, N.A.",CA,90813,,Web,Company has responded to the consumer and the CFPB and chooses not to provide a public response,Closed with non-monetary relief,Yes,True
18409613,2026-01-01T22:29:19.000Z,2026-01-01T22:46:23.000Z,Credit card,General-purpose credit card or charge card,"Advertising and marketing, including promotional offers",Didn't receive advertised or promotional terms,CAPITAL ONE FINANCIAL CORPORATION,AZ,85027,,Web,,Closed with monetary relief,Yes,True
18409476,2026-01-01T22:28:21.000Z,2026-01-01T22:36:38.000Z,Checking or savings account,Checking account,Opening an account,Unable to open an account,CAPITAL ONE FINANCIAL CORPORATION,GA,30291,,Web,,Closed with explanation,Yes,True
18410268,2026-01-01T22:26:31.000Z,2026-01-01T23:31:36.000Z,Vehicle loan or lease,Loan,Incorrect information on your report,Account information incorrect,"CarMax, Inc.",MD,20772,,Web,,Closed with explanation,Yes,False
18409473,2026-01-01T22:23:46.000Z,2026-01-01T22:36:25.000Z,Checking or savings account,Checking account,Problem with a lender or other company charging your account,Transaction was not authorized,Chime Financial Inc,KY,402XX,,Web,,Closed with explanation,Yes,True
18409490,2026-01-01T22:14:49.000Z,2026-01-01T22:37:11.000Z,Vehicle loan or lease,Lease,Getting a loan or lease,Changes in terms mid-deal or after closing,"Tesla, Inc.",CA,913XX,,Web,,Closed with explanation,Yes,True
18409258,2026-01-01T22:13:47.000Z,2026-01-01T22:22:37.000Z,Credit card,General-purpose credit card or charge card,Trouble using your card,Credit card company won't increase or decrease your credit limit,"CITIBANK, N.A.",TX,750XX,,Web,Company has responded to the consumer and the CFPB and chooses not to provide a public response,Closed with explanation,Yes,True
18409529,2026-01-01T22:13:07.000Z,2026-01-01T22:40:29.000Z,Prepaid card,Government benefit card,Problem getting a card or closing an account,Trouble closing card,"BANK OF AMERICA, NATIONAL ASSOCIATION",IL,60613,,Web,Company has responded to the consumer and the CFPB and chooses not to provide a public response,Closed with explanation,Yes,True
18409185,2026-01-01T22:12:33.000Z,2026-01-01T22:18:39.000Z,Student loan,Federal student loan servicing,Problem with a company's investigation into an existing problem,Their investigation did not fix an error on your report,MOHELA,NY,11222,,Web,,Untimely response,No,True
18409329,2026-01-01T22:11:51.000Z,2026-01-01T22:26:14.000Z,Credit card,General-purpose credit card or charge card,Problem with a purchase shown on your statement,Credit card company isn't resolving a dispute about a purchase on your statement,CAPITAL ONE FINANCIAL CORPORATION,WA,99223,,Web,,Closed with explanation,Yes,True
18409117,2026-01-01T22:06:16.000Z,2026-01-01T22:14:58.000Z,Credit card,General-purpose credit card or charge card,Problem with a purchase shown on your statement,Card was charged for something you did not purchase with the card,DISCOVER BANK,PA,155XX,,Web,,Closed with non-monetary relief,Yes,True
18409037,2026-01-01T22:03:23.000Z,2026-01-01T22:09:39.000Z,Prepaid card,General-purpose prepaid card,Problem getting a card or closing an account,"Trouble getting, activating, or registering a card","Block, Inc.",FL,XXXXX,,Web,,Closed with explanation,Yes,True
18409068,2026-01-01T22:02:50.000Z,2026-01-01T22:11:16.000Z,Credit card,General-purpose credit card or charge card,Problem when making payments,Problem during payment process,"Affirm Holdings, Inc",OH,43615,,Web,,Closed with explanation,Yes,False
18409739,2026-01-01T21:58:26.000Z,2026-01-01T22:53:24.000Z,Vehicle loan or lease,Loan,Repossession,Loan balance remaining after the vehicle is repossessed and sold,"General Motors Financial Company, Inc.",MI,48312,,Web,,Closed with explanation,Yes,False
18409070,2026-01-01T21:54:06.000Z,2026-01-01T22:11:30.000Z,Credit card,General-purpose credit card or charge card,Getting a credit card,Card opened without my consent or knowledge,WELLS FARGO & COMPANY,GA,30904,,Web,Company has responded to the consumer and the CFPB and chooses not to provide a public response,Closed with explanation,Yes,False
18408697,2026-01-01T21:47:17.000Z,2026-01-01T21:51:31.000Z,Vehicle loan or lease,Loan,Repossession,Deficiency balance after repossession,"SANTANDER HOLDINGS USA, INC.",FL,34653,,Web,,Closed with explanation,Yes,False
18409358,2026-01-01T21:45:59.000Z,2026-01-01T22:28:00.000Z,Vehicle loan or lease,Loan,Getting a loan or lease,Loan opened without my consent or knowledge,JPMORGAN CHASE & CO.,FL,33952,,Web,,Closed with explanation,Yes,False
18408789,2026-01-01T21:45:34.000Z,2026-01-01T21:54:59.000Z,Checking or savings account,Savings account,Problem with a lender or other company charging your account,Transaction was not authorized,"BANK OF AMERICA, NATIONAL ASSOCIATION",CA,92506,,Web,Company has responded to the consumer and the CFPB and chooses not to provide a public response,Closed with monetary relief,Yes,False
18408853,2026-01-01T21:43:52.000Z,2026-01-01T21:57:47.000Z,Prepaid card,General-purpose prepaid card,Unexpected or other fees,,AMERICAN EXPRESS COMPANY,MI,483XX,,Web,,Closed with explanation,Yes,True
18408691,2026-01-01T21:42:38.000Z,2026-01-01T21:51:09.000Z,Checking or savings account,Checking account,Managing an account,Problem accessing account,JPMORGAN CHASE & CO.,CA,94519,,Web,,Closed with explanation,Yes,True
18408606,2026-01-01T21:41:21.000Z,2026-01-01T21:47:19.000Z,Credit card,Store credit card,Problem with a company's investigation into an existing problem,Their investigation did not fix an error on your report,"Bread Financial Holdings, Inc.",UT,84075,,Web,,Closed with explanation,Yes,True
18410243,2026-01-01T21:40:13.000Z,2026-01-01T23:29:09.000Z,Mortgage,Conventional home mortgage,Closing on a mortgage,Trying to communicate with the company to fix an issue with the loan closing,"AAA CAPITAL INVESTMENT, INC.",CA,91786,,Web,Company believes it acted appropriately as authorized by contract or law,Closed with explanation,Yes,True
18409052,2026-01-01T21:39:59.000Z,2026-01-01T22:10:08.000Z,Checking or savings account,Checking account,Problem with a lender or other company charging your account,Transaction was not authorized,Chime Financial Inc,LA,708XX,,Web,,Closed with explanation,Yes,True
18408725,2026-01-01T21:39:12.000Z,2026-01-01T21:52:59.000Z,Debt or credit management,Debt settlement,Didn't provide services promised,,"ClearOne Advantage, LLC",TX,756XX,,Web,,Closed with explanation,Yes,True
18409318,2026-01-01T21:34:02.000Z,2026-01-01T22:25:17.000Z,Credit card,General-purpose credit card or charge card,Problem with a purchase shown on your statement,Credit card company isn't resolving a dispute about a purchase on your statement,JPMORGAN CHASE & CO.,CA,91326,,Web,,Closed with monetary relief,Yes,True
18408470,2026-01-01T21:32:15.000Z,2026-01-01T21:38:24.000Z,Checking or savings account,Checking account,Opening an account,Didn't receive terms that were advertised,TRUIST FINANCIAL CORPORATION,GA,30350,,Web,Company has responded to the consumer and the CFPB and chooses not to provide a public response,Closed with monetary relief,Yes,True
18408740,2026-01-01T21:31:35.000Z,2026-01-01T21:53:23.000Z,Vehicle loan or lease,Loan,Repossession,Account reinstatement or redemption after repossession,"SANTANDER HOLDINGS USA, INC.",MI,480XX,,Web,,Closed with explanation,Yes,True
18408689,2026-01-01T21:29:27.000Z,2026-01-12T22:38:24.000Z,Student loan,Federal student loan servicing,Dealing with your lender or servicer,Don't agree with the fees charged,MOHELA,VA,20165,,Web,,Untimely response,No,False
18408899,2026-01-01T21:27:00.000Z,2026-01-13T12:45:18.000Z,Mortgage,VA mortgage,Trouble during payment process,Loan sold or transferred to another company,"United Shore Financial Services, LLC",CA,92011,"Older American, Servicemember",Web,,Closed with explanation,Yes,True
18408399,2026-01-01T21:24:50.000Z,2026-01-01T21:33:23.000Z,Vehicle loan or lease,Loan,Repossession,Deficiency balance after repossession,"BMW Financial Services NA, LLC",FL,33351,,Web,,Closed with explanation,Yes,False
18410034,2026-01-01T21:24:41.000Z,2026-01-01T23:12:56.000Z,Credit card,General-purpose credit card or charge card,Problem when making payments,Problem during payment process,JPMORGAN CHASE & CO.,NC,286XX,Older American,Web,,Closed with explanation,Yes,False
18408305,2026-01-01T21:22:56.000Z,2026-01-01T21:27:49.000Z,Credit card,General-purpose credit card or charge card,Getting a credit card,Card opened without my consent or knowledge,Atlanticus Services Corporation,PA,18201,,Web,Company believes it acted appropriately as authorized by contract or law,Closed with non-monetary relief,Yes,True
18408310,2026-01-01T21:21:31.000Z,2026-01-01T21:28:01.000Z,Credit card,General-purpose credit card or charge card,Trouble using your card,Can't use card to make purchases,CAPITAL ONE FINANCIAL CORPORATION,,XXXXX,Older American,Web,,Closed with explanation,Yes,True
18408387,2026-01-01T21:21:09.000Z,2026-01-01T21:32:34.000Z,Credit card,General-purpose credit card or charge card,Closing your account,Company closed your account,"CITIBANK, N.A.",FL,33312,,Web,Company has responded to the consumer and the CFPB and chooses not to provide a public response,Closed with explanation,Yes,True
18409823,2026-01-01T21:18:19.000Z,2026-01-01T22:58:33.000Z,Mortgage,Conventional home mortgage,Applying for a mortgage or refinancing an existing mortgage,Application denials,WELLS FARGO & COMPANY,NJ,08844,,Web,Company has responded to the consumer and the CFPB and chooses not to provide a public response,Closed with explanation,Yes,True
18408334,2026-01-01T21:17:20.000Z,2026-01-01T21:29:17.000Z,Credit card,Store credit card,Fees or interest,Problem with fees,SYNCHRONY FINANCIAL,NJ,07666,,Web,Company has responded to the consumer and the CFPB and chooses not to provide a public response,Closed with monetary relief,Yes,True
18408308,2026-01-01T21:17:09.000Z,2026-01-01T21:28:03.000Z,Credit card,General-purpose credit card or charge card,"Advertising and marketing, including promotional offers",Confusing or misleading advertising about the credit card,SYNCHRONY FINANCIAL,FL,32712,,Web,Company has responded to the consumer and the CFPB and chooses not to provide a public response,Closed with explanation,Yes,True
18408264,2026-01-01T21:16:26.000Z,2026-01-01T21:25:45.000Z,Mortgage,VA mortgage,Trouble during payment process,"Escrow, taxes, or insurance","SERVICEMAC, LLC",AL,368XX,Servicemember,Web,Company has responded to the consumer and the CFPB and chooses not to provide a public response,Closed with explanation,Yes,True
18408443,2026-01-01T21:14:14.000Z,2026-01-01T21:36:26.000Z,Credit card,General-purpose credit card or charge card,Problem with a company's investigation into an existing problem,Their investigation did not fix an error on your report,NAVY FEDERAL CREDIT UNION,NC,28120,,Web,Company believes it acted appropriately as authorized by contract or law,Closed with explanation,Yes,False
18408449,2026-01-01T21:12:44.000Z,2026-01-01T21:36:44.000Z,Prepaid card,General-purpose prepaid card,Unexpected or other fees,,"Block, Inc.",DE,19720,,Web,,Closed with explanation,Yes,True
18408122,2026-01-01T21:10:27.000Z,2026-01-01T21:16:58.000Z,Credit card,General-purpose credit card or charge card,Getting a credit card,Application denied,Experian Information Solutions Inc.,FL,33414,,Web,Company has responded to the consumer and the CFPB and chooses not to provide a public response,Closed with explanation,Yes,True
18408396,2026-01-01T21:08:17.000Z,2026-02-04T19:38:28.000Z,Checking or savings account,Other banking product or service,Managing an account,Funds not handled or disbursed as instructed,WELLS FARGO & COMPANY,CA,90032,,Web,Company has responded to the consumer and the CFPB and chooses not to provide a public response,Closed with explanation,Yes,True
18408359,2026-01-01T21:05:38.000Z,2026-04-14T15:34:31.000Z,Mortgage,Reverse mortgage,Closing on a mortgage,Closing disclosure or other related disclosures,"Rocket Mortgage, LLC",NV,89106,,Web,,Closed with explanation,Yes,False
18408535,2026-01-01T21:03:47.000Z,2026-01-01T21:42:12.000Z,Checking or savings account,Checking account,Problem with a lender or other company charging your account,Can't stop withdrawals from your account,"BANK OF AMERICA, NATIONAL ASSOCIATION",CA,94506,,Web,Company has responded to the consumer and the CFPB and chooses not to provide a public response,Closed with explanation,Yes,True
18408549,2026-01-01T21:03:24.000Z,2026-01-01T21:42:52.000Z,Student loan,Federal student loan servicing,Incorrect information on your report,Account status incorrect,"Nelnet, Inc.",CA,92504,Older American,Web,,Closed with explanation,Yes,True
18408265,2026-01-01T21:03:02.000Z,2026-01-01T21:25:51.000Z,Student loan,Private student loan,Dealing with your lender or servicer,Received bad information about your loan,MOHELA,MA,02472,,Web,,Closed with explanation,Yes,True
18408095,2026-01-01T21:02:07.000Z,2026-01-01T21:14:16.000Z,Credit card,Store credit card,"Other features, terms, or problems",Problem with customer service,SYNCHRONY FINANCIAL,MI,483XX,,Web,Company has responded to the consumer and the CFPB and chooses not to provide a public response,Closed with non-monetary relief,Yes,True
18407965,2026-01-01T20:56:21.000Z,2026-01-01T21:05:37.000Z,Checking or savings account,Other banking product or service,Problem with a lender or other company charging your account,Can't stop withdrawals from your account,"Block, Inc.",FL,32174,,Web,,Closed with explanation,Yes,True
18407927,2026-01-01T20:54:50.000Z,2026-01-01T21:01:34.000Z,Prepaid card,General-purpose prepaid card,Trouble using the card,Trouble using the card to spend money in a store or online,AMERICAN EXPRESS COMPANY,AZ,85382,,Web,,Closed with explanation,Yes,True
18408263,2026-01-01T20:52:03.000Z,2026-01-01T21:25:42.000Z,Checking or savings account,Checking account,Managing an account,Deposits and withdrawals,CAPITAL ONE FINANCIAL CORPORATION,GA,31313,,Web,,Closed with explanation,Yes,True
18407883,2026-01-01T20:51:46.000Z,2026-01-01T20:58:12.000Z,Credit card,Store credit card,Problem with a purchase shown on your statement,Credit card company isn't resolving a dispute about a purchase on your statement,"Affirm Holdings, Inc",CA,94103,,Web,,Closed with explanation,Yes,False
18408118,2026-01-01T20:45:55.000Z,2026-01-01T21:16:47.000Z,Checking or savings account,Checking account,Managing an account,Funds not handled or disbursed as instructed,CAPITAL ONE FINANCIAL CORPORATION,NY,11239,,Web,,Closed with explanation,Yes,False
18407794,2026-01-01T20:43:59.000Z,2026-01-01T20:52:13.000Z,Credit card,General-purpose credit card or charge card,Problem with a purchase shown on your statement,Credit card company isn't resolving a dispute about a purchase on your statement,DISCOVER BANK,GA,31639,,Web,,Closed with non-monetary relief,Yes,False
18409716,2026-01-01T20:43:45.000Z,2026-01-01T22:52:24.000Z,Debt or credit management,Debt settlement,Didn't provide services promised,,"Consumer Financial Services Solutions, Inc.",TX,75056,,Web,,Closed with explanation,No,True
18407797,2026-01-01T20:42:57.000Z,2026-02-17T21:33:09.000Z,Checking or savings account,Checking account,Managing an account,Problem making or receiving payments,JPMORGAN CHASE & CO.,NY,10977,,Web,,Closed with explanation,Yes,False
18408267,2026-01-01T20:42:03.000Z,2026-01-01T21:26:20.000Z,Credit card,General-purpose credit card or charge card,"Other features, terms, or problems",Problem with rewards from credit card,JPMORGAN CHASE & CO.,CA,92026,,Web,,Closed with explanation,Yes,False
18408040,2026-01-01T20:37:54.000Z,2026-01-01T21:11:04.000Z,Credit card,General-purpose credit card or charge card,Problem with a purchase shown on your statement,Credit card company isn't resolving a dispute about a purchase on your statement,CAPITAL ONE FINANCIAL CORPORATION,FL,33009,,Web,,Closed with explanation,Yes,True
18407941,2026-01-01T20:37:23.000Z,2026-01-01T21:03:23.000Z,Vehicle loan or lease,Loan,Getting a loan or lease,Did not receive car title,"Americas Car-Mart, Inc.",AR,726XX,Older American,Web,Company believes it acted appropriately as authorized by contract or law,Closed with explanation,Yes,True
18407691,2026-01-01T20:35:05.000Z,2026-01-01T20:45:01.000Z,"Payday loan, title loan, personal loan, or advance loan",Installment loan,Problem when making payments,,"Credit Central Holdings, LLC",SC,29640,,Web,,Closed with explanation,Yes,True
18407559,2026-01-01T20:31:13.000Z,2026-01-01T20:36:41.000Z,Credit card,General-purpose credit card or charge card,Fees or interest,Problem with fees,Atlanticus Services Corporation,WI,549XX,,Web,Company believes it acted appropriately as authorized by contract or law,Closed with explanation,Yes,False
18407703,2026-01-01T20:27:23.000Z,2026-01-01T20:45:55.000Z,"Payday loan, title loan, personal loan, or advance loan",Personal line of credit,Charged fees or interest you didn't expect,,"ENOVA INTERNATIONAL, INC.",OH,451XX,,Web,,Closed with explanation,Yes,True
18407798,2026-01-01T20:27:20.000Z,2026-01-01T20:52:50.000Z,Credit card,General-purpose credit card or charge card,Problem with a purchase shown on your statement,Credit card company isn't resolving a dispute about a purchase on your statement,JPMORGAN CHASE & CO.,FL,32246,Older American,Web,,Closed with explanation,Yes,True
18407771,2026-01-01T20:24:34.000Z,2026-01-01T20:50:30.000Z,Vehicle loan or lease,Loan,Incorrect information on your report,Information belongs to someone else,"BANK OF AMERICA, NATIONAL ASSOCIATION",WA,98382,Servicemember,Web,Company has responded to the consumer and the CFPB and chooses not to provide a public response,Closed with explanation,Yes,True
18407519,2026-01-01T20:22:42.000Z,2026-01-01T20:34:23.000Z,Prepaid card,General-purpose prepaid card,Problem with a purchase or transfer,Card company isn't resolving a dispute about a purchase or transfer,"Paypal Holdings, Inc",LA,70471,,Web,,Closed with monetary relief,Yes,True
18407692,2026-01-01T20:20:15.000Z,2026-01-01T20:44:58.000Z,Credit card,General-purpose credit card or charge card,Problem with a purchase shown on your statement,Credit card company isn't resolving a dispute about a purchase on your statement,JPMORGAN CHASE & CO.,NJ,072XX,,Web,,Closed with explanation,Yes,True
18407551,2026-01-01T20:19:08.000Z,2026-01-01T20:36:28.000Z,Checking or savings account,Checking account,Managing an account,Deposits and withdrawals,WELLS FARGO & COMPANY,CA,94568,,Web,Company has responded to the consumer and the CFPB and chooses not to provide a public response,Closed with explanation,Yes,True
18407457,2026-01-01T20:19:08.000Z,2026-01-01T20:30:13.000Z,Credit card,General-purpose credit card or charge card,Fees or interest,Charged too much interest,JPMORGAN CHASE & CO.,WI,549XX,,Web,,Closed with explanation,Yes,False
18407334,2026-01-01T20:14:37.000Z,2026-01-01T20:20:37.000Z,Checking or savings account,Checking account,Managing an account,Deposits and withdrawals,CAPITAL ONE FINANCIAL CORPORATION,MS,395XX,,Web,,Closed with explanation,Yes,True
18407486,2026-01-01T20:12:30.000Z,2026-01-01T20:32:09.000Z,Credit card,Store credit card,Problem when making payments,Problem during payment process,SYNCHRONY FINANCIAL,NC,27587,,Web,Company has responded to the consumer and the CFPB and chooses not to provide a public response,Closed with explanation,Yes,False
18407295,2026-01-01T20:11:47.000Z,2026-01-01T20:17:39.000Z,Credit card,Store credit card,Problem with a purchase shown on your statement,Credit card company isn't resolving a dispute about a purchase on your statement,"Bread Financial Holdings, Inc.",WI,549XX,,Web,,Closed with monetary relief,Yes,False
18407319,2026-01-01T20:11:30.000Z,2026-01-01T20:19:10.000Z,Checking or savings account,Checking account,Managing an account,Problem using a debit or ATM card,WELLS FARGO & COMPANY,MN,55417,,Web,Company has responded to the consumer and the CFPB and chooses not to provide a public response,Closed with explanation,Yes,False
18407159,2026-01-01T20:03:27.000Z,2026-01-01T20:10:33.000Z,Student loan,Private student loan,Getting a loan,Issues with financial aid services,"Navient Solutions, LLC.",WI,549XX,,Web,,Closed with explanation,Yes,True
18407444,2026-01-01T20:00:25.000Z,2026-01-01T20:28:55.000Z,Vehicle loan or lease,Loan,Struggling to pay your loan,Denied request to lower payments,Bridgecrest Acceptance Corporation,TX,76513,,Web,,Closed with explanation,Yes,True
18407071,2026-01-01T20:00:08.000Z,2026-01-01T20:03:35.000Z,Credit card,General-purpose credit card or charge card,Getting a credit card,Card opened without my consent or knowledge,"BANK OF AMERICA, NATIONAL ASSOCIATION",IL,60620,,Web,Company has responded to the consumer and the CFPB and chooses not to provide a public response,Closed with explanation,Yes,True
18407007,2026-01-01T19:56:01.000Z,2026-01-01T19:59:58.000Z,Credit card,General-purpose credit card or charge card,Getting a credit card,Card opened without my consent or knowledge,"TRANSUNION INTERMEDIATE HOLDINGS, INC.",IL,60620,,Web,Company has responded to the consumer and the CFPB and chooses not to provide a public response,Closed with non-monetary relief,Yes,True
18407139,2026-01-01T19:54:57.000Z,2026-01-01T20:09:08.000Z,Checking or savings account,Checking account,Opening an account,Didn't receive terms that were advertised,OCEANFIRST FINANCIAL CORP.,NY,10001,,Web,,Closed with explanation,Yes,False
18407078,2026-01-01T19:53:11.000Z,2026-02-04T18:21:17.000Z,Vehicle loan or lease,Lease,Struggling to pay your loan,Denied request to lower payments,CREDIT ACCEPTANCE CORPORATION,MN,55118,,Web,Company has responded to the consumer and the CFPB and chooses not to provide a public response,Closed with explanation,Yes,False
18406957,2026-01-01T19:52:39.000Z,2026-01-01T19:55:54.000Z,Credit card,General-purpose credit card or charge card,Getting a credit card,Card opened without my consent or knowledge,Kikoff Inc.,IL,60620,,Web,,Closed with explanation,Yes,True
18406902,2026-01-01T19:49:38.000Z,2026-01-01T19:52:28.000Z,Credit card,General-purpose credit card or charge card,Getting a credit card,Card opened without my consent or knowledge,"TRANSUNION INTERMEDIATE HOLDINGS, INC.",IL,60620,,Web,Company has responded to the consumer and the CFPB and chooses not to provide a public response,Closed with explanation,Yes,True
18407401,2026-01-01T19:49:34.000Z,2026-01-01T20:26:29.000Z,Student loan,Private student loan,Dealing with your lender or servicer,Received bad information about your loan,MOHELA,FL,34747,,Web,,Closed with explanation,Yes,True
18407973,2026-01-01T19:46:35.000Z,2026-01-01T21:05:59.000Z,Checking or savings account,CD (Certificate of Deposit),Closing an account,Funds not received from closed account,GOLDMAN SACHS BANK USA,TX,78628,,Web,,Closed with explanation,Yes,True
18407042,2026-01-01T19:43:33.000Z,2026-01-01T20:01:39.000Z,Credit card,Store credit card,Fees or interest,Problem with fees,"CITIBANK, N.A.",WI,549XX,,Web,Company has responded to the consumer and the CFPB and chooses not to provide a public response,Closed with explanation,Yes,True
18407076,2026-01-01T19:41:59.000Z,2026-01-01T20:04:05.000Z,Checking or savings account,Checking account,Managing an account,Deposits and withdrawals,CAPITAL ONE FINANCIAL CORPORATION,NY,11221,,Web,,Closed with explanation,Yes,True
18406860,2026-01-01T19:40:34.000Z,2026-01-01T19:49:34.000Z,Credit card,General-purpose credit card or charge card,"Other features, terms, or problems",Problem with rewards from credit card,AMERICAN EXPRESS COMPANY,CA,90046,,Web,,Closed with explanation,No,False
18406748,2026-01-01T19:34:26.000Z,2026-01-01T19:40:33.000Z,Mortgage,Home equity loan or line of credit (HELOC),Applying for a mortgage or refinancing an existing mortgage,Confusing or misleading advertising or marketing,"Point Digital Finance, Inc.",FL,34759,Servicemember,Web,,Closed with explanation,Yes,True
18406714,2026-01-01T19:33:01.000Z,2026-01-01T19:37:38.000Z,Vehicle loan or lease,Loan,Repossession,Deficiency balance after repossession,United PanAm Financial Corp.,AL,36117,,Web,,Closed with explanation,Yes,False
18406750,2026-01-01T19:30:52.000Z,2026-01-01T19:40:50.000Z,Checking or savings account,Checking account,Problem with a lender or other company charging your account,Transaction was not authorized,Chime Financial Inc,OH,44601,,Web,,Closed with explanation,Yes,False
18406936,2026-01-01T19:28:37.000Z,2026-01-01T19:53:49.000Z,Vehicle loan or lease,Loan,Repossession,Voluntary repossession,Stellantis Financial Services US Corp.,CA,91423,,Web,Company has responded to the consumer and the CFPB and chooses not to provide a public response,Closed with explanation,Yes,True
18406776,2026-01-01T19:28:03.000Z,2026-01-01T19:43:48.000Z,Checking or savings account,Checking account,Managing an account,Funds not handled or disbursed as instructed,CAPITAL ONE FINANCIAL CORPORATION,VA,23188,,Web,,Closed with explanation,Yes,True
18406688,2026-01-01T19:24:42.000Z,2026-02-04T21:47:25.000Z,"Payday loan, title loan, personal loan, or advance loan",Installment loan,Charged fees or interest you didn't expect,,"Creekside Finance, Inc.",NC,270XX,,Web,Company disputes the facts presented in the complaint,Closed with explanation,Yes,False
18406762,2026-01-01T19:18:43.000Z,2026-01-01T19:42:18.000Z,Credit card,General-purpose credit card or charge card,Trouble using your card,Can't use card to make purchases,DISCOVER BANK,CA,92025,,Web,,Closed with explanation,Yes,False
18406828,2026-01-01T19:15:55.000Z,2026-01-01T19:46:49.000Z,Credit card,Store credit card,Fees or interest,Unexpected increase in interest rate,SYNCHRONY FINANCIAL,FL,33351,,Web,Company has responded to the consumer and the CFPB and chooses not to provide a public response,Closed with explanation,Yes,True
18406543,2026-01-01T19:12:55.000Z,2026-01-01T19:27:44.000Z,Checking or savings account,Checking account,Problem with a lender or other company charging your account,Money was taken from your account on the wrong day or for the wrong amount,Chime Financial Inc,CA,90059,,Web,,Closed with explanation,Yes,True
18407134,2026-01-01T19:11:54.000Z,2026-01-01T20:08:38.000Z,Credit card,General-purpose credit card or charge card,Problem with a company's investigation into an existing problem,Was not notified of investigation status or results,"ENOVA INTERNATIONAL, INC.",FL,32608,Servicemember,Web,,Closed with explanation,Yes,False
18406493,2026-01-01T19:11:07.000Z,2026-01-01T19:23:20.000Z,Credit card,General-purpose credit card or charge card,Fees or interest,Problem with fees,U.S. BANCORP,WA,98034,,Web,Company has responded to the consumer and the CFPB and chooses not to provide a public response,Closed with monetary relief,Yes,True
18406665,2026-01-01T19:10:23.000Z,2026-01-01T19:34:42.000Z,Credit card,General-purpose credit card or charge card,Problem with a purchase shown on your statement,Credit card company isn't resolving a dispute about a purchase on your statement,AMERICAN EXPRESS COMPANY,NY,10012,,Web,,Closed with monetary relief,Yes,True
18407361,2026-01-01T19:09:13.000Z,2026-01-01T20:23:10.000Z,Credit card,General-purpose credit card or charge card,Problem with a purchase shown on your statement,Card was charged for something you did not purchase with the card,"CITIBANK, N.A.",NY,11355,,Web,Company has responded to the consumer and the CFPB and chooses not to provide a public response,Closed with monetary relief,Yes,True
18406481,2026-01-01T19:06:40.000Z,2026-01-01T19:22:51.000Z,Checking or savings account,Checking account,Managing an account,Deposits and withdrawals,Netspend Corporation,MA,027XX,"Older American, Servicemember",Web,Company has responded to the consumer and the CFPB and chooses not to provide a public response,Closed with explanation,Yes,True
18406415,2026-01-01T19:05:23.000Z,2026-01-01T19:18:34.000Z,Credit card,General-purpose credit card or charge card,Problem with a purchase shown on your statement,Credit card company isn't resolving a dispute about a purchase on your statement,CAPITAL ONE FINANCIAL CORPORATION,NC,28147,,Web,,Closed with explanation,Yes,True
18406355,2026-01-01T19:01:32.000Z,2026-01-01T19:13:48.000Z,Credit card,General-purpose credit card or charge card,Problem with a purchase shown on your statement,Credit card company isn't resolving a dispute about a purchase on your statement,UNITED SERVICES AUTOMOBILE ASSOCIATION,SC,29115,,Web,Company has responded to the consumer and the CFPB and chooses not to provide a public response,Closed with explanation,Yes,True
18406523,2026-01-01T19:01:24.000Z,2026-01-01T19:25:53.000Z,Vehicle loan or lease,Loan,Repossession,Loan balance remaining after the vehicle is repossessed and sold,CREDIT ACCEPTANCE CORPORATION,SC,29303,,Web,Company has responded to the consumer and the CFPB and chooses not to provide a public response,Closed with explanation,Yes,False
18406440,2026-01-01T19:01:15.000Z,2026-01-01T19:19:58.000Z,Checking or savings account,Checking account,Improper use of your report,Reporting company used your report improperly,"Fidelity National Information Services, Inc. (FNIS)",MD,21117,,Web,Company has responded to the consumer and the CFPB and chooses not to provide a public response,Closed with explanation,Yes,True
18406810,2026-01-01T18:58:55.000Z,2026-01-01T19:45:34.000Z,Credit card,General-purpose credit card or charge card,"Advertising and marketing, including promotional offers",Confusing or misleading advertising about the credit card,CAPITAL ONE FINANCIAL CORPORATION,NJ,07436,,Web,,Closed with explanation,Yes,False
18406326,2026-01-01T18:58:49.000Z,2026-01-01T19:11:48.000Z,Student loan,Private student loan,Dealing with your lender or servicer,Don't agree with the fees charged,"Navient Solutions, LLC.",OH,438XX,,Web,,Closed with explanation,Yes,True
18406342,2026-01-01T18:58:11.000Z,2026-01-01T19:12:49.000Z,"Payday loan, title loan, personal loan, or advance loan",Installment loan,Struggling to pay your loan,,TRUIST FINANCIAL CORPORATION,RI,02891,,Web,Company has responded to the consumer and the CFPB and chooses not to provide a public response,Closed with explanation,Yes,False
18406542,2026-01-01T18:55:59.000Z,2026-01-01T19:27:33.000Z,Student loan,Private student loan,Dealing with your lender or servicer,Need information about your loan balance or loan terms,MOHELA,OH,45419,,Web,Company believes it acted appropriately as authorized by contract or law,Closed with explanation,Yes,False
18406176,2026-01-01T18:54:43.000Z,2026-01-01T19:01:04.000Z,Prepaid card,General-purpose prepaid card,Problem with a purchase or transfer,Charged for a purchase or transfer you did not make with the card,Newport Intermediate Inc.,WI,54311,Servicemember,Web,,Closed with explanation,Yes,True
18406492,2026-01-01T18:54:09.000Z,2026-01-01T19:23:20.000Z,Checking or savings account,Checking account,Managing an account,Problem using a debit or ATM card,FinCo Services Inc DBA Current,CA,92101,,Web,,Closed with monetary relief,Yes,True
18406192,2026-01-01T18:51:53.000Z,2026-01-01T19:02:00.000Z,Checking or savings account,Checking account,Managing an account,Problem using a debit or ATM card,Chime Financial Inc,AR,72023,,Web,,Closed with explanation,Yes,True
18406117,2026-01-01T18:47:31.000Z,2026-01-01T18:56:08.000Z,Mortgage,VA mortgage,Trouble during payment process,Trying to communicate with the company to fix an issue while managing or servicing your loan,NAVY FEDERAL CREDIT UNION,CA,96130,,Web,Company believes complaint is the result of an isolated error,Closed with monetary relief,Yes,True
18406444,2026-01-01T18:46:20.000Z,2026-01-01T19:20:28.000Z,"Payday loan, title loan, personal loan, or advance loan",Payday loan,Struggling to pay your loan,,CNG FINANCIAL CORPORATION,CA,91914,,Web,,Closed with explanation,Yes,False
18406084,2026-01-01T18:44:45.000Z,2026-01-01T18:53:10.000Z,Checking or savings account,Checking account,Managing an account,Deposits and withdrawals,"CITIBANK, N.A.",GA,30318,,Web,Company has responded to the consumer and the CFPB and chooses not to provide a public response,Closed with non-monetary relief,Yes,True
18405904,2026-01-01T18:38:24.000Z,2026-01-01T18:42:15.000Z,Checking or savings account,Checking account,Managing an account,Deposits and withdrawals,CAPITAL ONE FINANCIAL CORPORATION,OH,44313,,Web,,Closed with explanation,Yes,True
18405840,2026-01-01T18:32:52.000Z,2026-01-01T18:37:36.000Z,Prepaid card,General-purpose prepaid card,Trouble using the card,Trouble using the card to spend money in a store or online,AMERICAN EXPRESS COMPANY,CT,06905,,Web,,Closed with monetary relief,Yes,True
18405794,2026-01-01T18:31:16.000Z,2026-01-01T18:35:24.000Z,Student loan,Federal student loan servicing,Dealing with your lender or servicer,Trouble with how payments are being handled,MOHELA,KS,660XX,,Web,,Untimely response,No,True
18406283,2026-01-01T18:26:15.000Z,2026-01-01T19:09:00.000Z,Credit card,General-purpose credit card or charge card,Problem with a company's investigation into an existing problem,Their investigation did not fix an error on your report,AMERICAN EXPRESS COMPANY,NC,279XX,"Older American, Servicemember",Web,,Closed with explanation,Yes,True
18405915,2026-01-01T18:25:57.000Z,2026-01-01T18:42:40.000Z,Credit card,General-purpose credit card or charge card,"Other features, terms, or problems",Add-on products and services,GOLDMAN SACHS BANK USA,DC,20002,,Web,,Closed with explanation,Yes,True
18405978,2026-01-01T18:24:31.000Z,2026-01-01T18:45:04.000Z,Credit card,General-purpose credit card or charge card,Problem with a purchase shown on your statement,Credit card company isn't resolving a dispute about a purchase on your statement,GOLDMAN SACHS BANK USA,NV,89011,,Web,,Closed with explanation,Yes,True
18405578,2026-01-01T18:19:25.000Z,2026-01-01T18:23:02.000Z,Credit card,General-purpose credit card or charge card,Struggling to pay your bill,Credit card company won't work with you while you're going through financial hardship,CAPITAL ONE FINANCIAL CORPORATION,NC,28364,,Web,,Closed with explanation,Yes,False
18406194,2026-01-01T18:19:22.000Z,2026-01-01T19:02:08.000Z,Mortgage,Conventional home mortgage,Trouble during payment process,Payment process,"Shellpoint Partners, LLC",CA,95242,Older American,Web,Company has responded to the consumer and the CFPB and chooses not to provide a public response,Closed with explanation,Yes,True
18405909,2026-01-01T18:11:48.000Z,2026-01-01T18:42:29.000Z,Vehicle loan or lease,Loan,Managing the loan or lease,Problem with additional products or services purchased with the loan,CAPITAL ONE FINANCIAL CORPORATION,MI,48127,,Web,,Closed with explanation,Yes,False
18405519,2026-01-01T18:10:51.000Z,2026-01-01T18:19:33.000Z,Vehicle loan or lease,Loan,Getting a loan or lease,Problem with signing the paperwork,TOYOTA MOTOR CREDIT CORPORATION,LA,70005,,Web,,Closed with explanation,Yes,False
18406953,2026-01-01T18:08:47.000Z,2026-01-01T19:55:19.000Z,Vehicle loan or lease,Loan,Problems at the end of the loan or lease,Unable to receive car title or other problem after the loan is paid off,"SANTANDER HOLDINGS USA, INC.",SC,29506,Servicemember,Web,,Closed with explanation,Yes,True
18405508,2026-01-01T18:05:29.000Z,2026-01-01T18:18:32.000Z,Checking or savings account,Checking account,Managing an account,Deposits and withdrawals,U.S. BANCORP,CA,92123,Servicemember,Web,Company has responded to the consumer and the CFPB and chooses not to provide a public response,Closed with explanation,Yes,False
18405513,2026-01-01T18:05:28.000Z,2026-01-01T18:18:57.000Z,Vehicle loan or lease,Loan,Repossession,Loan balance remaining after the vehicle is repossessed and sold,Global Lending Services LLC,CA,91764,,Web,,Closed with explanation,Yes,False
18405755,2026-01-01T18:04:45.000Z,2026-01-01T18:33:08.000Z,Mortgage,VA mortgage,Closing on a mortgage,Delays with the closing process,"PENNYMAC LOAN SERVICES, LLC.",GA,303XX,Servicemember,Web,,Closed with explanation,Yes,True
18405880,2026-01-01T18:04:05.000Z,2026-02-04T17:22:09.000Z,Checking or savings account,Checking account,Managing an account,Problem making or receiving payments,"COMMUNITY FINANCIAL SYSTEM, INC.",NY,12901,Servicemember,Web,,Closed with explanation,Yes,True
18405454,2026-01-01T18:03:02.000Z,2026-01-12T21:53:33.000Z,Mortgage,Home equity loan or line of credit (HELOC),Struggling to pay mortgage,"Applying for or obtaining a modification, forbearance plan, short sale, or deed-in-lieu","CARRINGTON MORTGAGE SERVICES, LLC",FL,33437,Older American,Web,,Closed with explanation,Yes,False
18405748,2026-01-01T18:02:18.000Z,2026-01-01T18:32:28.000Z,Prepaid card,Government benefit card,Trouble using the card,Problem using the card to withdraw money from an ATM,Comerica,,XXXXX,,Web,,Closed with non-monetary relief,Yes,True
18405365,2026-01-01T18:01:48.000Z,2026-01-01T18:09:20.000Z,Vehicle loan or lease,Loan,Incorrect information on your report,Account information incorrect,CREDIT ACCEPTANCE CORPORATION,NC,28562,,Web,Company has responded to the consumer and the CFPB and chooses not to provide a public response,Closed with explanation,Yes,True
18405404,2026-01-01T18:01:06.000Z,2026-01-01T18:12:00.000Z,Credit card,Store credit card,Struggling to pay your bill,Problem lowering your monthly payments,TD BANK US HOLDING COMPANY,CA,XXXXX,,Web,,Closed with non-monetary relief,Yes,True
18405386,2026-01-01T17:50:53.000Z,2026-01-01T18:10:51.000Z,Checking or savings account,Checking account,Managing an account,Problem accessing account,JPMORGAN CHASE & CO.,PA,15212,,Web,,Closed with explanation,Yes,True
18405259,2026-01-01T17:50:41.000Z,2026-01-01T18:00:06.000Z,Checking or savings account,Checking account,Problem caused by your funds being low,Overdrafts and overdraft fees,JPMORGAN CHASE & CO.,PA,19143,,Web,,Closed with monetary relief,Yes,True
18405326,2026-01-01T17:47:17.000Z,2026-01-01T18:06:16.000Z,Credit card,General-purpose credit card or charge card,Problem with a purchase shown on your statement,Credit card company isn't resolving a dispute about a purchase on your statement,AMERICAN EXPRESS COMPANY,AL,35160,,Web,,Closed with monetary relief,No,False
18405753,2026-01-01T17:46:57.000Z,2026-01-01T18:33:03.000Z,Credit card,General-purpose credit card or charge card,Problem with a purchase shown on your statement,Credit card company isn't resolving a dispute about a purchase on your statement,CAPITAL ONE FINANCIAL CORPORATION,CA,92123,,Web,,Closed with explanation,Yes,True
18405258,2026-01-01T17:46:20.000Z,2026-01-01T18:00:04.000Z,Student loan,Federal student loan servicing,Struggling to repay your loan,"Problem with forgiveness, cancellation, or discharge","Nelnet, Inc.",IL,60473,,Web,,Closed with explanation,Yes,True
18405115,2026-01-01T17:45:35.000Z,2026-01-01T17:51:42.000Z,Credit card,General-purpose credit card or charge card,Trouble using your card,Credit card company won't increase or decrease your credit limit,GOLDMAN SACHS BANK USA,FL,33040,,Web,,Closed with explanation,Yes,True
18405325,2026-01-01T17:43:05.000Z,2026-01-01T18:06:16.000Z,Credit card,General-purpose credit card or charge card,Trouble using your card,Can't use card to make purchases,DISCOVER BANK,GA,30024,,Web,,Closed with explanation,Yes,True
18405250,2026-01-01T17:42:17.000Z,2026-01-01T17:59:38.000Z,Credit card,Store credit card,Fees or interest,Problem with fees,"Bread Financial Holdings, Inc.",NC,28104,Servicemember,Web,,Closed with explanation,Yes,False
18405429,2026-01-01T17:41:40.000Z,2026-01-01T18:13:31.000Z,Checking or savings account,Savings account,Closing an account,Company closed your account,NEW YORK COMMUNITY BANCORP INC,NY,11221,,Web,Company has responded to the consumer and the CFPB and chooses not to provide a public response,Closed with explanation,Yes,True
18405042,2026-01-01T17:41:37.000Z,2026-01-01T17:44:14.000Z,Credit card,General-purpose credit card or charge card,"Other features, terms, or problems",Problem with rewards from credit card,BARCLAYS BANK DELAWARE,SC,29403,,Web,Company has responded to the consumer and the CFPB and chooses not to provide a public response,Closed with non-monetary relief,Yes,False
18405128,2026-01-01T17:41:19.000Z,2026-01-01T17:52:36.000Z,"Payday loan, title loan, personal loan, or advance loan",Installment loan,Charged fees or interest you didn't expect,,"Sunbit, Inc.",FL,33463,,Web,,Closed with explanation,Yes,True
18406594,2026-01-01T17:41:03.000Z,2026-01-01T19:30:48.000Z,Credit card,Store credit card,"Advertising and marketing, including promotional offers",Confusing or misleading advertising about the credit card,SYNCHRONY FINANCIAL,CA,95051,,Web,Company has responded to the consumer and the CFPB and chooses not to provide a public response,Closed with monetary relief,Yes,True
18405233,2026-01-01T17:34:46.000Z,2026-01-01T17:58:25.000Z,Credit card,General-purpose credit card or charge card,Trouble using your card,Can't use card to make purchases,CAPITAL ONE FINANCIAL CORPORATION,CT,06002,Older American,Web,,Closed with explanation,Yes,True
18405343,2026-01-01T17:33:04.000Z,2026-05-08T12:26:00.000Z,Mortgage,Home equity loan or line of credit (HELOC),Trouble during payment process,Trying to communicate with the company to fix an issue while managing or servicing your loan,Rapid Home Lending Inc.,NC,28012,,Web,Company has responded to the consumer and the CFPB and chooses not to provide a public response,Closed with monetary relief,Yes,True
18405025,2026-01-01T17:33:02.000Z,2026-01-01T17:42:45.000Z,Checking or savings account,Checking account,Managing an account,Deposits and withdrawals,"HUNTINGTON NATIONAL BANK, THE",MN,55434,,Web,,Closed with explanation,Yes,True
18405493,2026-01-01T17:32:26.000Z,2026-01-01T18:17:28.000Z,Credit card,General-purpose credit card or charge card,"Other features, terms, or problems",Problem with rewards from credit card,CAPITAL ONE FINANCIAL CORPORATION,NM,870XX,,Web,,Closed with explanation,Yes,True
18404973,2026-01-01T17:32:14.000Z,2026-01-01T17:38:27.000Z,Credit card,General-purpose credit card or charge card,"Other features, terms, or problems",Problem with rewards from credit card,JPMORGAN CHASE & CO.,SC,29403,,Web,,Closed with explanation,Yes,True
18406029,2026-01-01T17:30:48.000Z,2026-01-01T18:48:59.000Z,Credit card,General-purpose credit card or charge card,Problem with a purchase shown on your statement,Credit card company isn't resolving a dispute about a purchase on your statement,Chime Financial Inc,TX,77449,,Web,,Closed with explanation,Yes,True
18405535,2026-01-01T17:28:00.000Z,2026-01-01T18:20:45.000Z,Mortgage,FHA mortgage,Closing on a mortgage,Delays with the closing process,"STL HOLDING COMPANY, LLC",WA,98146,,Web,,Untimely response,No,False
18404986,2026-01-01T17:27:09.000Z,2026-01-01T17:39:07.000Z,Prepaid card,Government benefit card,Trouble using the card,Trouble using the card to spend money in a store or online,FISERV FINXACT CORE,PA,18042,,Web,,Closed with explanation,Yes,True
18405270,2026-01-01T17:24:57.000Z,2026-01-01T18:01:17.000Z,Credit card,General-purpose credit card or charge card,Fees or interest,Charged too much interest,"CITIBANK, N.A.",TX,77407,,Web,Company has responded to the consumer and the CFPB and chooses not to provide a public response,Closed with explanation,Yes,False
18404901,2026-01-01T17:20:17.000Z,2026-01-01T17:31:26.000Z,"Payday loan, title loan, personal loan, or advance loan",Installment loan,Charged fees or interest you didn't expect,,"Uprova Credit, LLC",IL,60532,,Web,Company has responded to the consumer and the CFPB and chooses not to provide a public response,Closed with explanation,Yes,True
18405066,2026-01-01T17:15:48.000Z,2026-01-01T17:46:51.000Z,Credit card,General-purpose credit card or charge card,Problem with a purchase shown on your statement,Credit card company isn't resolving a dispute about a purchase on your statement,CAPITAL ONE FINANCIAL CORPORATION,CA,92782,,Web,,Closed with explanation,Yes,True
18404754,2026-01-01T17:14:53.000Z,2026-01-01T17:19:28.000Z,"Payday loan, title loan, personal loan, or advance loan",Payday loan,Received a loan you didn't apply for,,Possible Financial Inc,CA,93706,,Web,,Closed with explanation,Yes,False
18404755,2026-01-01T17:13:58.000Z,2026-01-01T17:19:33.000Z,Credit card,General-purpose credit card or charge card,Fees or interest,Problem with fees,WELLS FARGO & COMPANY,CA,91101,Older American,Web,Company has responded to the consumer and the CFPB and chooses not to provide a public response,Closed with explanation,Yes,False
18405125,2026-01-01T17:12:30.000Z,2026-01-01T17:52:07.000Z,Credit card,Store credit card,Problem with a purchase shown on your statement,Card was charged for something you did not purchase with the card,Atlanticus Services Corporation,AL,XXXXX,,Web,Company believes it acted appropriately as authorized by contract or law,Closed with non-monetary relief,Yes,True
18404866,2026-01-01T17:12:14.000Z,2026-01-01T17:28:44.000Z,Checking or savings account,Checking account,Managing an account,Deposits and withdrawals,WELLS FARGO & COMPANY,FL,34772,,Web,Company has responded to the consumer and the CFPB and chooses not to provide a public response,Closed with explanation,Yes,True
18404833,2026-01-01T17:12:01.000Z,2026-01-01T17:26:42.000Z,Credit card,General-purpose credit card or charge card,Trouble using your card,Can't use card to make purchases,CAPITAL ONE FINANCIAL CORPORATION,GA,30126,,Web,,Closed with explanation,Yes,False
18404825,2026-01-01T17:10:45.000Z,2026-01-12T22:08:07.000Z,Credit card,General-purpose credit card or charge card,Fees or interest,Problem with fees,DISCOVER BANK,DE,19904,Older American,Web,,Closed with explanation,Yes,True
18404891,2026-01-01T17:09:45.000Z,2026-01-01T17:30:06.000Z,Credit card,General-purpose credit card or charge card,Problem when making payments,Problem during payment process,WELLS FARGO & COMPANY,KY,420XX,,Web,Company has responded to the consumer and the CFPB and chooses not to provide a public response,Closed with monetary relief,Yes,True
18404771,2026-01-01T17:08:51.000Z,2026-01-01T17:21:07.000Z,Student loan,Federal student loan servicing,Dealing with your lender or servicer,Received bad information about your loan,"Navient Solutions, LLC.",NC,28269,Servicemember,Web,,Closed with explanation,Yes,False
18405272,2026-01-01T17:08:23.000Z,2026-01-01T18:01:38.000Z,Student loan,Federal student loan servicing,Dealing with your lender or servicer,Received bad information about your loan,MOHELA,MD,21117,,Web,,Untimely response,No,True
18405235,2026-01-01T17:07:13.000Z,2026-01-01T17:58:29.000Z,Checking or savings account,Checking account,Problem with a lender or other company charging your account,Can't stop withdrawals from your account,TRUIST FINANCIAL CORPORATION,GA,303XX,,Web,Company has responded to the consumer and the CFPB and chooses not to provide a public response,Closed with explanation,Yes,True
18404681,2026-01-01T17:05:01.000Z,2026-01-01T17:13:43.000Z,Student loan,Federal student loan servicing,Problem with fraud alerts or security freezes,,MOHELA,KY,40121,Servicemember,Web,,Untimely response,No,False
18404791,2026-01-01T17:03:01.000Z,2026-01-01T17:22:06.000Z,Checking or savings account,Checking account,Managing an account,Funds not handled or disbursed as instructed,CAPITAL ONE FINANCIAL CORPORATION,NC,27127,,Web,,Closed with explanation,Yes,True
18404905,2026-01-01T17:02:03.000Z,2026-01-12T21:58:53.000Z,Checking or savings account,Savings account,Managing an account,Problem accessing account,"CITIBANK, N.A.",FL,33178,,Web,Company has responded to the consumer and the CFPB and chooses not to provide a public response,Closed with monetary relief,Yes,False
18404963,2026-01-01T17:01:55.000Z,2026-01-01T17:37:35.000Z,Checking or savings account,Checking account,Managing an account,Problem using a debit or ATM card,"BANK OF AMERICA, NATIONAL ASSOCIATION",NY,10467,,Web,Company has responded to the consumer and the CFPB and chooses not to provide a public response,Closed with monetary relief,Yes,False
18404651,2026-01-01T16:59:49.000Z,2026-01-01T17:11:26.000Z,Checking or savings account,Checking account,Problem caused by your funds being low,Non-sufficient funds and associated fees,Chime Financial Inc,TX,77545,,Web,,Closed with explanation,Yes,True
18404535,2026-01-01T16:57:42.000Z,2026-01-01T17:00:58.000Z,Credit card,General-purpose credit card or charge card,Getting a credit card,Card opened without my consent or knowledge,CAPITAL ONE FINANCIAL CORPORATION,CA,93706,,Web,,Closed with explanation,Yes,True
18404819,2026-01-01T16:57:41.000Z,2026-01-01T17:25:48.000Z,Credit card,General-purpose credit card or charge card,"Other features, terms, or problems",Other problem,DISCOVER BANK,CA,92108,,Web,,Closed with explanation,Yes,False
18404654,2026-01-01T16:57:38.000Z,2026-01-01T17:11:43.000Z,Vehicle loan or lease,Loan,Problems at the end of the loan or lease,Unable to receive car title or other problem after the loan is paid off,CAPITAL ONE FINANCIAL CORPORATION,TX,77598,,Web,,Closed with explanation,Yes,True
18404756,2026-01-01T16:55:59.000Z,2026-01-01T17:19:33.000Z,Credit card,General-purpose credit card or charge card,Getting a credit card,Card opened without my consent or knowledge,"CITIBANK, N.A.",AZ,85305,,Web,Company has responded to the consumer and the CFPB and chooses not to provide a public response,Closed with non-monetary relief,Yes,False
18404562,2026-01-01T16:55:01.000Z,2026-01-01T17:03:39.000Z,Checking or savings account,Checking account,Opening an account,Account opened without my consent or knowledge,"Early Warning Services, LLC",NC,28115,,Web,,Closed with explanation,Yes,False
18404532,2026-01-01T16:51:27.000Z,2026-01-01T17:00:55.000Z,Checking or savings account,Checking account,Managing an account,Deposits and withdrawals,CAPITAL ONE FINANCIAL CORPORATION,LA,70726,,Web,,Closed with explanation,Yes,True
18404659,2026-01-01T16:50:53.000Z,2026-01-01T17:12:39.000Z,Vehicle loan or lease,Loan,Problems at the end of the loan or lease,Unable to receive car title or other problem after the loan is paid off,"Westlake Services, LLC",NY,11768,,Web,,Closed with explanation,Yes,True
18404709,2026-01-01T16:49:59.000Z,2026-01-01T17:15:53.000Z,Credit card,General-purpose credit card or charge card,"Advertising and marketing, including promotional offers",Didn't receive advertised or promotional terms,JPMORGAN CHASE & CO.,DC,200XX,,Web,,Closed with explanation,Yes,True
18404513,2026-01-01T16:47:15.000Z,2026-01-01T16:59:40.000Z,Checking or savings account,Checking account,Closing an account,Company closed your account,"Block, Inc.",FL,33771,,Web,,Closed with explanation,Yes,True
18404427,2026-01-01T16:45:33.000Z,2026-01-01T16:53:08.000Z,Checking or savings account,Checking account,Problem with a lender or other company charging your account,Transaction was not authorized,JPMORGAN CHASE & CO.,IL,60007,,Web,,Closed with explanation,Yes,True
18405138,2026-01-01T16:44:38.000Z,2026-01-01T17:53:46.000Z,Prepaid card,General-purpose prepaid card,Problem with a purchase or transfer,Card company isn't resolving a dispute about a purchase or transfer,FinCo Services Inc DBA Current,VA,23608,Servicemember,Web,,Closed with explanation,Yes,True
18404906,2026-01-01T16:44:09.000Z,2026-01-01T17:32:18.000Z,Credit card,General-purpose credit card or charge card,Problem with a purchase shown on your statement,Credit card company isn't resolving a dispute about a purchase on your statement,Chime Financial Inc,FL,33138,,Web,,Closed with explanation,Yes,True
18404366,2026-01-01T16:41:34.000Z,2026-01-01T16:47:15.000Z,Checking or savings account,Checking account,Managing an account,Deposits and withdrawals,CAPITAL ONE FINANCIAL CORPORATION,MD,21701,,Web,,Closed with explanation,Yes,False
18404349,2026-01-01T16:40:18.000Z,2026-01-01T16:45:39.000Z,Student loan,Federal student loan servicing,Struggling to repay your loan,"Problem with forgiveness, cancellation, or discharge",MOHELA,IL,XXXXX,,Web,,Untimely response,No,False
18404649,2026-01-01T16:37:23.000Z,2026-01-01T17:11:19.000Z,Student loan,Federal student loan servicing,Incorrect information on your report,Account information incorrect,MOHELA,NC,28562,,Web,,Untimely response,No,True
18404332,2026-01-01T16:36:12.000Z,2026-01-01T16:44:42.000Z,Checking or savings account,Other banking product or service,Closing an account,Company closed your account,"Paypal Holdings, Inc",NY,11230,,Web,,Closed with explanation,Yes,False
18404296,2026-01-01T16:35:50.000Z,2026-01-01T16:41:33.000Z,Checking or savings account,Checking account,Opening an account,Unable to open an account,"Early Warning Services, LLC",MO,63801,,Web,,Closed with explanation,Yes,False
18404267,2026-01-01T16:35:05.000Z,2026-01-01T16:39:32.000Z,Vehicle loan or lease,Lease,Repossession,Voluntary repossession,FORD MOTOR CREDIT CO.,MS,39564,,Web,,Closed with explanation,Yes,True
18405083,2026-01-01T16:34:27.000Z,2026-01-01T17:48:29.000Z,Credit card,General-purpose credit card or charge card,Problem with a purchase shown on your statement,Credit card company isn't resolving a dispute about a purchase on your statement,"CITIBANK, N.A.",FL,32092,"Older American, Servicemember",Web,Company has responded to the consumer and the CFPB and chooses not to provide a public response,Closed with monetary relief,Yes,False
18404703,2026-01-01T16:30:03.000Z,2026-01-01T17:15:26.000Z,Prepaid card,General-purpose prepaid card,Problem with a purchase or transfer,Card company isn't resolving a dispute about a purchase or transfer,"Block, Inc.",IN,46545,,Web,,Closed with explanation,Yes,True
18404418,2026-01-01T16:27:40.000Z,2026-01-01T16:52:04.000Z,Credit card,General-purpose credit card or charge card,Problem with a purchase shown on your statement,Card was charged for something you did not purchase with the card,Chime Financial Inc,GA,31909,,Web,,Closed with explanation,Yes,True
18404190,2026-01-01T16:25:29.000Z,2026-01-01T16:32:38.000Z,Checking or savings account,Checking account,Problem with a lender or other company charging your account,Transaction was not authorized,"Block, Inc.",IL,60629,,Web,,Closed with explanation,Yes,True
18404111,2026-01-01T16:21:43.000Z,2026-01-01T16:25:02.000Z,Vehicle loan or lease,Lease,Managing the loan or lease,Billing problem,HYUNDAI CAPITAL AMERICA,FL,32218,,Web,Company has responded to the consumer and the CFPB and chooses not to provide a public response,Closed with explanation,Yes,True
18404235,2026-01-01T16:20:46.000Z,2026-01-01T16:36:32.000Z,Vehicle loan or lease,Loan,Managing the loan or lease,Problem with the interest rate,"Exeter Finance, LLC.",OH,44053,,Web,,Closed with explanation,Yes,False
18404598,2026-01-01T16:15:37.000Z,2026-01-01T17:06:21.000Z,Checking or savings account,Checking account,Managing an account,Deposits and withdrawals,"SOFI TECHNOLOGIES, INC.",GA,31093,,Web,,Closed with explanation,Yes,True
18404185,2026-01-01T16:14:02.000Z,2026-01-01T16:32:24.000Z,Mortgage,Conventional home mortgage,Trouble during payment process,"Escrow, taxes, or insurance",Mr. Cooper Group Inc.,LA,70118,,Web,,Closed with explanation,Yes,True
18404090,2026-01-01T16:13:08.000Z,2026-01-01T16:23:12.000Z,Checking or savings account,Checking account,Managing an account,Deposits and withdrawals,CAPITAL ONE FINANCIAL CORPORATION,LA,70001,,Web,,Closed with explanation,Yes,True
18404347,2026-01-01T16:12:22.000Z,2026-01-01T16:45:34.000Z,Prepaid card,Payroll card,Problem with a purchase or transfer,Card company isn't resolving a dispute about a purchase or transfer,"Block, Inc.",TX,770XX,Servicemember,Web,,Closed with explanation,Yes,True
18404061,2026-01-01T16:11:17.000Z,2026-01-01T16:19:55.000Z,"Payday loan, title loan, personal loan, or advance loan",Installment loan,Problem with additional add-on products or services,,Sezzle Inc.,GA,30340,,Web,,Closed with explanation,Yes,True
18404136,2026-01-01T16:10:25.000Z,2026-01-01T16:28:38.000Z,Checking or savings account,Checking account,Managing an account,Deposits and withdrawals,CAPITAL ONE FINANCIAL CORPORATION,GA,30253,,Web,,Closed with explanation,Yes,True
18404091,2026-01-01T16:10:11.000Z,2026-01-20T13:54:05.000Z,Mortgage,Conventional home mortgage,Incorrect information on your report,Account status incorrect,"CMG Financial Services, Inc.",ME,044XX,,Web,,Closed with explanation,Yes,True
18403977,2026-01-01T16:09:36.000Z,2026-01-01T16:12:53.000Z,Student loan,Federal student loan servicing,Dealing with your lender or servicer,Trouble with how payments are being handled,"Maximus Federal Services, Inc.",KY,40047,,Web,,Closed with explanation,Yes,True
18403953,2026-01-01T16:08:25.000Z,2026-01-01T16:10:51.000Z,Checking or savings account,Checking account,Opening an account,Account opened without my consent or knowledge,TRUIST FINANCIAL CORPORATION,MI,48239,,Web,Company has responded to the consumer and the CFPB and chooses not to provide a public response,Closed with explanation,Yes,False
18404361,2026-01-01T16:06:49.000Z,2026-01-01T16:46:57.000Z,"Payday loan, title loan, personal loan, or advance loan",Installment loan,Incorrect information on your report,Account status incorrect,"MARINER FINANCE, LLC",GA,316XX,Servicemember,Web,,Closed with explanation,Yes,True
18403928,2026-01-01T16:06:16.000Z,2026-01-01T16:08:21.000Z,Checking or savings account,Checking account,Opening an account,Account opened without my consent or knowledge,PNC Bank N.A.,MI,48239,,Web,,Closed with explanation,Yes,False
18404183,2026-01-01T16:04:47.000Z,2026-01-01T16:32:14.000Z,Vehicle loan or lease,Loan,Managing the loan or lease,Billing problem,Mercedes Benz Financial Services,CA,92174,Servicemember,Web,,Closed with explanation,Yes,False
18403896,2026-01-01T16:03:03.000Z,2026-01-01T16:05:56.000Z,Checking or savings account,Checking account,Opening an account,Account opened without my consent or knowledge,"HUNTINGTON NATIONAL BANK, THE",MI,48239,,Web,,Closed with explanation,Yes,False
18403972,2026-01-01T15:59:01.000Z,2026-01-01T16:12:24.000Z,Credit card,General-purpose credit card or charge card,Problem with a purchase shown on your statement,Card was charged for something you did not purchase with the card,GOLDMAN SACHS BANK USA,NY,10304,Older American,Web,,Closed with monetary relief,Yes,True
18403800,2026-01-01T15:57:51.000Z,2026-01-01T16:00:21.000Z,Checking or savings account,Checking account,Opening an account,Account opened without my consent or knowledge,FIFTH THIRD FINANCIAL CORPORATION,MI,48239,,Web,,Closed with explanation,Yes,False
18403978,2026-01-01T15:57:00.000Z,2026-01-01T16:12:53.000Z,Checking or savings account,Checking account,Managing an account,Problem using a debit or ATM card,"BANK OF AMERICA, NATIONAL ASSOCIATION",IL,60202,,Web,Company has responded to the consumer and the CFPB and chooses not to provide a public response,Closed with explanation,Yes,False
18403890,2026-01-01T15:56:28.000Z,2026-01-01T16:05:34.000Z,Credit card,General-purpose credit card or charge card,"Other features, terms, or problems",Problem with rewards from credit card,"CITIBANK, N.A.",IL,606XX,,Web,Company has responded to the consumer and the CFPB and chooses not to provide a public response,Closed with explanation,Yes,True
18404247,2026-01-01T15:53:23.000Z,2026-01-12T22:35:05.000Z,Mortgage,VA mortgage,Trouble during payment process,"Escrow, taxes, or insurance",M&T BANK CORPORATION,FL,34293,"Older American, Servicemember",Web,Company has responded to the consumer and the CFPB and chooses not to provide a public response,Closed with explanation,Yes,True
18403892,2026-01-01T15:51:45.000Z,2026-01-01T16:05:41.000Z,Credit card,General-purpose credit card or charge card,Problem with a purchase shown on your statement,Credit card company isn't resolving a dispute about a purchase on your statement,GOLDMAN SACHS BANK USA,GA,30045,,Web,,Closed with explanation,Yes,True
18403803,2026-01-01T15:51:19.000Z,2026-01-01T16:00:29.000Z,Credit card,General-purpose credit card or charge card,"Other features, terms, or problems",Problem with rewards from credit card,"CITIBANK, N.A.",WA,980XX,Servicemember,Web,Company has responded to the consumer and the CFPB and chooses not to provide a public response,Closed with monetary relief,Yes,True
18403815,2026-01-01T15:48:46.000Z,2026-01-01T16:00:53.000Z,Credit card,Store credit card,Fees or interest,Charged too much interest,SYNCHRONY FINANCIAL,MO,655XX,Servicemember,Web,Company has responded to the consumer and the CFPB and chooses not to provide a public response,Closed with explanation,Yes,True
18403873,2026-01-01T15:47:51.000Z,2026-01-01T16:04:54.000Z,Vehicle loan or lease,Loan,Managing the loan or lease,Problem with additional products or services purchased with the loan,CREDIT ACCEPTANCE CORPORATION,SC,29681,,Web,Company has responded to the consumer and the CFPB and chooses not to provide a public response,Closed with explanation,Yes,True
18403843,2026-01-01T15:47:31.000Z,2026-01-01T16:02:06.000Z,Credit card,General-purpose credit card or charge card,Problem with a purchase shown on your statement,Credit card company isn't resolving a dispute about a purchase on your statement,"Affirm Holdings, Inc",AZ,85326,,Web,,Closed with explanation,Yes,True
18403730,2026-01-01T15:44:50.000Z,2026-01-01T15:54:35.000Z,Credit card,General-purpose credit card or charge card,Incorrect information on your report,Account status incorrect,CAPITAL ONE FINANCIAL CORPORATION,MS,38654,,Web,,Closed with explanation,Yes,True
18403828,2026-01-01T15:40:51.000Z,2026-02-19T14:02:20.000Z,Checking or savings account,Checking account,Managing an account,Deposits and withdrawals,JPMORGAN CHASE & CO.,GA,31525,Servicemember,Web,,Closed with explanation,Yes,True
18403604,2026-01-01T15:39:49.000Z,2026-01-01T15:44:24.000Z,Checking or savings account,Checking account,Opening an account,Account opened without my consent or knowledge,"CITIZENS FINANCIAL GROUP, INC.",MI,48239,,Web,,Closed with explanation,Yes,False
18403686,2026-01-01T15:38:56.000Z,2026-01-01T15:50:46.000Z,Checking or savings account,Checking account,Managing an account,Funds not handled or disbursed as instructed,JPMORGAN CHASE & CO.,IL,60613,,Web,,Closed with explanation,Yes,True
18403693,2026-01-01T15:35:46.000Z,2026-01-01T15:51:28.000Z,Credit card,General-purpose credit card or charge card,Problem with a purchase shown on your statement,Credit card company isn't resolving a dispute about a purchase on your statement,Atlanticus Services Corporation,NY,10314,,Web,Company believes it acted appropriately as authorized by contract or law,Closed with explanation,Yes,True
18403635,2026-01-01T15:31:37.000Z,2026-01-12T21:58:49.000Z,Credit card,General-purpose credit card or charge card,Problem with a purchase shown on your statement,Credit card company isn't resolving a dispute about a purchase on your statement,"CITIBANK, N.A.",OH,44131,Servicemember,Web,Company has responded to the consumer and the CFPB and chooses not to provide a public response,Closed with monetary relief,Yes,True
18403552,2026-01-01T15:31:18.000Z,2026-01-01T15:40:35.000Z,Checking or savings account,Checking account,Problem with a lender or other company charging your account,Money was taken from your account on the wrong day or for the wrong amount,Chime Financial Inc,NC,28213,,Web,,Closed with explanation,Yes,False
18403495,2026-01-01T15:29:00.000Z,2026-01-01T15:36:26.000Z,Vehicle loan or lease,Loan,Repossession,Deficiency balance after repossession,Bridgecrest Acceptance Corporation,DC,20032,,Web,,Closed with explanation,Yes,True
18404173,2026-01-01T15:28:39.000Z,2026-01-01T16:31:38.000Z,Checking or savings account,Checking account,Opening an account,Account opened without my consent or knowledge,JPMORGAN CHASE & CO.,CA,91304,,Web,,Closed with explanation,Yes,True
18403510,2026-01-01T15:27:08.000Z,2026-01-01T15:38:16.000Z,Checking or savings account,Checking account,Opening an account,Unable to open an account,"BANK OF AMERICA, NATIONAL ASSOCIATION",MI,48239,,Web,Company has responded to the consumer and the CFPB and chooses not to provide a public response,Closed with explanation,Yes,False
18403880,2026-01-01T15:26:34.000Z,2026-01-01T16:05:10.000Z,Student loan,Federal student loan servicing,Dealing with your lender or servicer,Don't agree with the fees charged,EdFinancial Services,IL,60453,,Web,,Closed with explanation,Yes,True
18403525,2026-01-01T15:24:55.000Z,2026-01-01T15:38:47.000Z,Checking or savings account,Checking account,Problem caused by your funds being low,Overdrafts and overdraft fees,WELLS FARGO & COMPANY,VA,24179,,Web,Company has responded to the consumer and the CFPB and chooses not to provide a public response,Closed with explanation,Yes,False
18403562,2026-01-01T15:24:35.000Z,2026-01-01T15:41:05.000Z,Credit card,General-purpose credit card or charge card,"Other features, terms, or problems",Other problem,Chime Financial Inc,PA,165XX,,Web,,Closed with explanation,Yes,True
18403431,2026-01-01T15:24:29.000Z,2026-01-01T15:31:49.000Z,Credit card,General-purpose credit card or charge card,Incorrect information on your report,Account information incorrect,CAPITAL ONE FINANCIAL CORPORATION,NC,28465,,Web,,Closed with explanation,Yes,False
18403438,2026-01-01T15:18:11.000Z,2026-01-01T15:32:18.000Z,Credit card,General-purpose credit card or charge card,Problem with a purchase shown on your statement,Credit card company isn't resolving a dispute about a purchase on your statement,WELLS FARGO & COMPANY,,XXXXX,,Web,Company has responded to the consumer and the CFPB and chooses not to provide a public response,Closed with explanation,Yes,True
18403314,2026-01-01T15:16:02.000Z,2026-01-01T15:19:46.000Z,Credit card,General-purpose credit card or charge card,Problem with a purchase shown on your statement,Credit card company isn't resolving a dispute about a purchase on your statement,"BANK OF AMERICA, NATIONAL ASSOCIATION",TX,78626,,Web,Company has responded to the consumer and the CFPB and chooses not to provide a public response,Closed with monetary relief,Yes,True
18403406,2026-01-01T15:11:12.000Z,2026-01-01T15:29:00.000Z,Checking or savings account,Checking account,Managing an account,Problem using a debit or ATM card,WELLS FARGO & COMPANY,GA,30058,,Web,Company has responded to the consumer and the CFPB and chooses not to provide a public response,Closed with monetary relief,Yes,False
18403375,2026-01-01T15:09:17.000Z,2026-01-01T15:26:17.000Z,Vehicle loan or lease,Lease,Repossession,Company communicating payment assistance or payment extension options,AMERICAN HONDA FINANCE CORP,VA,20148,,Web,,Closed with explanation,Yes,True
18403378,2026-01-01T15:04:45.000Z,2026-01-01T15:26:47.000Z,Vehicle loan or lease,Lease,Managing the loan or lease,Problem with additional products or services purchased with the loan,TOYOTA MOTOR CREDIT CORPORATION,NC,28211,Older American,Web,,Closed with explanation,Yes,True
18403179,2026-01-01T14:58:25.000Z,2026-01-01T15:09:24.000Z,Checking or savings account,Other banking product or service,Problem with a lender or other company charging your account,Transaction was not authorized,"Block, Inc.",TX,75217,,Web,,Closed with explanation,Yes,False
18403084,2026-01-01T14:57:23.000Z,2026-01-01T14:59:46.000Z,Credit card,General-purpose credit card or charge card,Incorrect information on your report,Account status incorrect,"TRANSUNION INTERMEDIATE HOLDINGS, INC.",IL,60484,,Web,Company has responded to the consumer and the CFPB and chooses not to provide a public response,Closed with non-monetary relief,Yes,False
18403493,2026-01-01T14:57:05.000Z,2026-01-01T15:36:10.000Z,Credit card,General-purpose credit card or charge card,Closing your account,Company closed your account,DISCOVER BANK,MN,554XX,,Web,,Closed with explanation,Yes,True
18403323,2026-01-01T14:54:44.000Z,2026-01-01T15:21:26.000Z,Checking or savings account,Checking account,Managing an account,Deposits and withdrawals,CAPITAL ONE FINANCIAL CORPORATION,MO,63141,,Web,,Closed with explanation,Yes,True
18403333,2026-01-01T14:54:23.000Z,2026-01-01T15:22:00.000Z,"Payday loan, title loan, personal loan, or advance loan",Installment loan,Getting the loan,,UNITED SERVICES AUTOMOBILE ASSOCIATION,IL,622XX,"Older American, Servicemember",Web,Company has responded to the consumer and the CFPB and chooses not to provide a public response,Closed with explanation,Yes,True
18403015,2026-01-01T14:51:04.000Z,2026-01-01T14:54:41.000Z,Credit card,General-purpose credit card or charge card,Getting a credit card,Application denied,CAPITAL ONE FINANCIAL CORPORATION,FL,33611,,Web,,Closed with explanation,Yes,False
18403010,2026-01-01T14:47:49.000Z,2026-01-01T14:54:00.000Z,Credit card,General-purpose credit card or charge card,Incorrect information on your report,Account status incorrect,"EQUIFAX, INC.",IL,60484,,Web,,Closed with non-monetary relief,Yes,False
18402965,2026-01-01T14:42:14.000Z,2026-01-01T14:49:12.000Z,Credit card,General-purpose credit card or charge card,Closing your account,Company closed your account,"BANK OF AMERICA, NATIONAL ASSOCIATION",IL,60478,,Web,Company has responded to the consumer and the CFPB and chooses not to provide a public response,Closed with explanation,Yes,False
18403003,2026-01-01T14:41:24.000Z,2026-01-01T14:53:29.000Z,Checking or savings account,Savings account,Managing an account,Deposits and withdrawals,JPMORGAN CHASE & CO.,NY,11788,,Web,,Closed with explanation,Yes,False
18403118,2026-01-01T14:39:59.000Z,2026-01-01T15:02:51.000Z,Checking or savings account,Checking account,Problem with a lender or other company charging your account,Money was taken from your account on the wrong day or for the wrong amount,WELLS FARGO & COMPANY,GA,30127,,Web,Company has responded to the consumer and the CFPB and chooses not to provide a public response,Closed with explanation,Yes,True
18402922,2026-01-01T14:37:41.000Z,2026-01-01T14:45:29.000Z,Credit card,General-purpose credit card or charge card,Fees or interest,Charged too much interest,DISCOVER BANK,IL,60445,Servicemember,Web,,Closed with explanation,Yes,True
18402981,2026-01-01T14:36:51.000Z,2026-01-01T14:51:19.000Z,Credit card,General-purpose credit card or charge card,"Other features, terms, or problems",Other problem,AMERICAN EXPRESS COMPANY,WA,98102,,Web,,Closed with monetary relief,No,True
18403951,2026-01-01T14:36:09.000Z,2026-01-01T16:10:37.000Z,Checking or savings account,Checking account,Managing an account,Deposits and withdrawals,"CULLEN/FROST BANKERS, INC.",TX,77566,Older American,Web,,Closed with explanation,Yes,True
18402858,2026-01-01T14:31:24.000Z,2026-01-01T14:38:25.000Z,Checking or savings account,Checking account,Problem caused by your funds being low,Overdrafts and overdraft fees,WELLS FARGO & COMPANY,PA,19148,,Web,Company has responded to the consumer and the CFPB and chooses not to provide a public response,Closed with explanation,Yes,True
18403037,2026-01-01T14:25:47.000Z,2026-01-01T14:55:49.000Z,Credit card,General-purpose credit card or charge card,"Other features, terms, or problems",Other problem,WELLS FARGO & COMPANY,MN,55426,,Web,Company has responded to the consumer and the CFPB and chooses not to provide a public response,Closed with explanation,Yes,True
18402765,2026-01-01T14:25:42.000Z,2026-01-01T14:31:07.000Z,"Payday loan, title loan, personal loan, or advance loan",Installment loan,Problem with the payoff process at the end of the loan,,Self Financial Inc.,FL,349XX,,Web,,Closed with explanation,Yes,True
18402753,2026-01-01T14:23:42.000Z,2026-01-01T14:29:20.000Z,Checking or savings account,Checking account,Managing an account,Problem accessing account,WELLS FARGO & COMPANY,FL,33510,,Web,Company has responded to the consumer and the CFPB and chooses not to provide a public response,Closed with explanation,Yes,False
18402705,2026-01-01T14:20:19.000Z,2026-01-01T14:26:08.000Z,Credit card,General-purpose credit card or charge card,Problem with a purchase shown on your statement,Credit card company isn't resolving a dispute about a purchase on your statement,JPMORGAN CHASE & CO.,FL,33611,,Web,,Closed with explanation,Yes,False
18402696,2026-01-01T14:19:49.000Z,2026-01-01T14:24:57.000Z,Vehicle loan or lease,Lease,Managing the loan or lease,Problem with fees charged,U.S. BANCORP,CA,90036,,Web,Company has responded to the consumer and the CFPB and chooses not to provide a public response,Closed with monetary relief,Yes,False
18402663,2026-01-01T14:15:36.000Z,2026-01-01T14:22:38.000Z,Checking or savings account,Checking account,Managing an account,Funds not handled or disbursed as instructed,CAPITAL ONE FINANCIAL CORPORATION,CA,91945,,Web,,Closed with explanation,Yes,True
18402694,2026-01-01T14:15:15.000Z,2026-01-01T14:24:48.000Z,Checking or savings account,Checking account,Managing an account,Deposits and withdrawals,CAPITAL ONE FINANCIAL CORPORATION,SC,29681,,Web,,Closed with explanation,Yes,False
18402704,2026-01-01T14:13:15.000Z,2026-01-01T14:26:00.000Z,Credit card,General-purpose credit card or charge card,"Other features, terms, or problems",Problem with rewards from credit card,"CITIBANK, N.A.",NC,27703,,Web,Company has responded to the consumer and the CFPB and chooses not to provide a public response,Closed with explanation,Yes,True
18402790,2026-01-01T14:13:01.000Z,2026-01-01T14:33:01.000Z,Student loan,Federal student loan servicing,Dealing with your lender or servicer,Received bad information about your loan,EdFinancial Services,MA,02169,,Web,,Closed with explanation,Yes,True
18402695,2026-01-01T13:56:06.000Z,2026-01-01T14:24:56.000Z,Credit card,General-purpose credit card or charge card,Problem with a purchase shown on your statement,Credit card company isn't resolving a dispute about a purchase on your statement,CAPITAL ONE FINANCIAL CORPORATION,NC,28216,,Web,,Closed with explanation,Yes,False
18403494,2026-01-01T13:55:33.000Z,2026-01-01T15:36:23.000Z,"Payday loan, title loan, personal loan, or advance loan",Earned wage access,Issues with repayment,,Activehours,MN,564XX,,Web,,Closed with explanation,Yes,True
18402544,2026-01-01T13:48:13.000Z,2026-03-23T15:52:24.000Z,"Payday loan, title loan, personal loan, or advance loan",Installment loan,Charged fees or interest you didn't expect,,Regional Management Corporation,IL,62226,Older American,Web,,Closed with explanation,Yes,True
18402435,2026-01-01T13:42:23.000Z,2026-01-01T13:55:22.000Z,Checking or savings account,Savings account,Managing an account,Cashing a check,JPMORGAN CHASE & CO.,NY,11212,,Web,,Closed with explanation,Yes,True
18402451,2026-01-01T13:41:21.000Z,2026-01-01T13:57:45.000Z,Mortgage,Conventional home mortgage,Struggling to pay mortgage,Foreclosure,Ocwen Financial Corporation,TX,75052,,Web,,Closed with explanation,Yes,True
18402483,2026-01-01T13:40:03.000Z,2026-01-01T14:01:20.000Z,Credit card,General-purpose credit card or charge card,Problem with a purchase shown on your statement,Credit card company isn't resolving a dispute about a purchase on your statement,"Avant Holding Company, Inc.",TX,766XX,,Web,,Closed with explanation,Yes,True
18402316,2026-01-01T13:36:51.000Z,2026-01-01T13:45:16.000Z,"Payday loan, title loan, personal loan, or advance loan",Earned wage access,Issues with repayment,,Albert Corporation,SC,29360,Servicemember,Web,Company believes the complaint provided an opportunity to answer consumer's questions,Closed with explanation,Yes,True
18402273,2026-01-01T13:31:04.000Z,2026-01-01T13:41:13.000Z,"Payday loan, title loan, personal loan, or advance loan",Payday loan,Charged fees or interest you didn't expect,,"Opportunity Financial, LLC",PA,19120,,Web,,Closed with explanation,Yes,True
18402402,2026-01-01T13:30:18.000Z,2026-01-01T13:52:30.000Z,Checking or savings account,Checking account,Managing an account,Problem accessing account,"CITIBANK, N.A.",NJ,07410,,Web,Company has responded to the consumer and the CFPB and chooses not to provide a public response,Closed with explanation,Yes,False
18402173,2026-01-01T13:11:48.000Z,2026-01-01T13:24:44.000Z,"Payday loan, title loan, personal loan, or advance loan",Payday loan,Charged fees or interest you didn't expect,,Robinson Economic Development Corporation,IL,60628,,Web,,Closed with explanation,Yes,False
18402620,2026-01-01T13:04:18.000Z,2026-01-01T14:17:28.000Z,Credit card,General-purpose credit card or charge card,Problem with a purchase shown on your statement,Credit card company isn't resolving a dispute about a purchase on your statement,WELLS FARGO & COMPANY,GA,30004,,Web,Company has responded to the consumer and the CFPB and chooses not to provide a public response,Closed with explanation,Yes,True
18402077,2026-01-01T13:03:54.000Z,2026-01-01T13:11:02.000Z,"Payday loan, title loan, personal loan, or advance loan",Payday loan,Charged fees or interest you didn't expect,,"Uprova Credit, LLC",IL,60628,,Web,Company has responded to the consumer and the CFPB and chooses not to provide a public response,Closed with explanation,Yes,False
18402144,2026-01-01T13:00:15.000Z,2026-01-01T13:21:06.000Z,"Payday loan, title loan, personal loan, or advance loan",Personal line of credit,Problem when making payments,,"ENOVA INTERNATIONAL, INC.",KS,669XX,,Web,,Closed with explanation,Yes,True
18402008,2026-01-01T12:52:29.000Z,2026-01-01T13:02:29.000Z,"Payday loan, title loan, personal loan, or advance loan",Payday loan,Charged fees or interest you didn't expect,,"Opportunity Financial, LLC",IL,60628,,Web,,Closed with explanation,Yes,False
18401944,2026-01-01T12:42:45.000Z,2026-01-01T12:51:36.000Z,"Payday loan, title loan, personal loan, or advance loan",Payday loan,Charged fees or interest you didn't expect,,Minto Financial dba Minto Money,IL,60628,,Web,,Closed with explanation,Yes,False
18401893,2026-01-01T12:32:22.000Z,2026-01-01T12:44:15.000Z,Credit card,General-purpose credit card or charge card,Problem with a purchase shown on your statement,Credit card company isn't resolving a dispute about a purchase on your statement,Chime Financial Inc,OK,731XX,,Web,,Closed with explanation,Yes,True
18401858,2026-01-01T12:21:33.000Z,2026-01-01T12:35:41.000Z,Checking or savings account,Checking account,Closing an account,Can't close your account,"BANK OF AMERICA, NATIONAL ASSOCIATION",OH,45205,,Web,Company has responded to the consumer and the CFPB and chooses not to provide a public response,Closed with explanation,Yes,False
18401874,2026-01-01T12:05:51.000Z,2026-01-01T12:40:15.000Z,"Payday loan, title loan, personal loan, or advance loan",Payday loan,Charged fees or interest you didn't expect,,"Tribal Lending Enterprise, Inc.",IL,60628,,Web,Company has responded to the consumer and the CFPB and chooses not to provide a public response,Closed with explanation,Yes,False
18401737,2026-01-01T12:04:40.000Z,2026-01-01T12:10:13.000Z,Checking or savings account,Checking account,Problem with a lender or other company charging your account,Transaction was not authorized,"Paypal Holdings, Inc",LA,704XX,,Web,,Closed with explanation,Yes,True
18401707,2026-01-01T11:57:13.000Z,2026-01-01T12:05:18.000Z,Checking or savings account,Checking account,Managing an account,Deposits and withdrawals,TD BANK US HOLDING COMPANY,NY,10466,,Web,,Closed with explanation,Yes,True
18401727,2026-01-01T11:41:33.000Z,2026-01-01T12:09:35.000Z,Student loan,Federal student loan servicing,Struggling to repay your loan,"Problem with forgiveness, cancellation, or discharge",EdFinancial Services,MS,39301,,Web,,Closed with explanation,Yes,True
18401585,2026-01-01T11:25:33.000Z,2026-01-01T11:40:04.000Z,"Payday loan, title loan, personal loan, or advance loan",Title loan,Vehicle was repossessed or sold the vehicle,,"Skopos Financial, LLC",AZ,85756,,Web,Company has responded to the consumer and the CFPB and chooses not to provide a public response,Closed with explanation,Yes,False
18401555,2026-01-01T11:19:30.000Z,2026-01-01T11:32:51.000Z,"Payday loan, title loan, personal loan, or advance loan",Personal line of credit,Problem with additional add-on products or services,,OneMain Finance Corporation,CA,92507,Servicemember,Web,,Closed with explanation,Yes,True
18401584,2026-01-01T11:17:07.000Z,2026-01-01T11:39:46.000Z,Credit card,General-purpose credit card or charge card,"Other features, terms, or problems",Privacy issues,"CITIBANK, N.A.",VA,22309,,Web,Company has responded to the consumer and the CFPB and chooses not to provide a public response,Closed with monetary relief,Yes,False
18401492,2026-01-01T10:53:20.000Z,2026-01-30T18:29:12.000Z,Vehicle loan or lease,Loan,Getting a loan or lease,Changes in terms mid-deal or after closing,TOYOTA MOTOR CREDIT CORPORATION,FL,32507,Servicemember,Web,,Closed with explanation,Yes,True
18401357,2026-01-01T10:52:04.000Z,2026-01-01T10:57:37.000Z,Checking or savings account,Checking account,Managing an account,Problem using a debit or ATM card,"Paypal Holdings, Inc",CA,90005,,Web,,Closed with explanation,Yes,True
18401364,2026-01-01T10:49:27.000Z,2026-01-01T10:58:04.000Z,Credit card,General-purpose credit card or charge card,Incorrect information on your report,Information is missing that should be on the report,SYNCHRONY FINANCIAL,CA,91710,,Web,Company has responded to the consumer and the CFPB and chooses not to provide a public response,Closed with explanation,Yes,False
18401815,2026-01-01T10:40:14.000Z,2026-01-01T12:28:53.000Z,Credit card,General-purpose credit card or charge card,"Other features, terms, or problems",Add-on products and services,JPMORGAN CHASE & CO.,IL,60107,,Web,,Closed with explanation,Yes,True
18401421,2026-01-01T10:38:56.000Z,2026-01-01T11:07:04.000Z,Checking or savings account,Checking account,Managing an account,Deposits and withdrawals,"Paypal Holdings, Inc",FL,34759,,Web,,Closed with explanation,Yes,True
18401373,2026-01-01T10:31:50.000Z,2026-01-01T10:59:03.000Z,Mortgage,Conventional home mortgage,Struggling to pay mortgage,Foreclosure,"SELECT PORTFOLIO SERVICING, INC.",TX,76001,Servicemember,Web,,Closed with explanation,Yes,True
18401308,2026-01-01T10:31:04.000Z,2026-01-01T10:48:39.000Z,Credit card,General-purpose credit card or charge card,Incorrect information on your report,Information is missing that should be on the report,"CITIBANK, N.A.",CA,91710,,Web,Company has responded to the consumer and the CFPB and chooses not to provide a public response,Closed with explanation,Yes,False
18401262,2026-01-01T10:13:09.000Z,2026-01-01T10:36:45.000Z,Mortgage,Conventional home mortgage,Problem with a company's investigation into an existing problem,Their investigation did not fix an error on your report,WELLS FARGO & COMPANY,FL,34472,,Web,Company has responded to the consumer and the CFPB and chooses not to provide a public response,Closed with explanation,Yes,False
18421138,2026-01-01T10:09:42.000Z,2026-01-02T15:55:19.000Z,Credit card,General-purpose credit card or charge card,Incorrect information on your report,Information belongs to someone else,CAPITAL ONE FINANCIAL CORPORATION,FL,34995,,Referral,,Closed with explanation,Yes,False
18401184,2026-01-01T10:07:49.000Z,2026-01-01T10:15:29.000Z,Checking or savings account,Checking account,Managing an account,Deposits and withdrawals,CAPITAL ONE FINANCIAL CORPORATION,VA,22314,,Web,,Closed with explanation,Yes,False
18419685,2026-01-01T10:07:23.000Z,2026-01-02T14:34:45.000Z,Credit card,General-purpose credit card or charge card,Incorrect information on your report,Information belongs to someone else,"BANK OF AMERICA, NATIONAL ASSOCIATION",CA,92024,,Referral,Company has responded to the consumer and the CFPB and chooses not to provide a public response,Closed with explanation,Yes,False
18419521,2026-01-01T10:06:39.000Z,2026-01-02T14:21:02.000Z,Credit card,General-purpose credit card or charge card,Getting a credit card,Card opened without my consent or knowledge,CAPITAL ONE FINANCIAL CORPORATION,AL,35203,,Referral,,Closed with explanation,Yes,False
18419298,2026-01-01T10:06:13.000Z,2026-01-02T14:02:29.000Z,Credit card,General-purpose credit card or charge card,Incorrect information on your report,Account status incorrect,"CITIBANK, N.A.",WI,53562,,Referral,Company has responded to the consumer and the CFPB and chooses not to provide a public response,Closed with explanation,Yes,False
18419073,2026-01-01T10:05:28.000Z,2026-01-02T13:45:55.000Z,Checking or savings account,Checking account,Managing an account,Problem using a debit or ATM card,"BANK OF AMERICA, NATIONAL ASSOCIATION",FL,32826,,Referral,Company has responded to the consumer and the CFPB and chooses not to provide a public response,Closed with monetary relief,Yes,False
18420177,2026-01-01T10:03:47.000Z,2026-01-02T15:06:13.000Z,Checking or savings account,Checking account,Managing an account,Problem using a debit or ATM card,"BANK OF AMERICA, NATIONAL ASSOCIATION",MI,48015,,Referral,Company has responded to the consumer and the CFPB and chooses not to provide a public response,Closed with explanation,Yes,False
18401227,2026-01-01T10:03:19.000Z,2026-01-01T10:28:27.000Z,Mortgage,Reverse mortgage,Applying for a mortgage or refinancing an existing mortgage,Trying to communicate with the company to fix an issue with the application process,"Lanier Law Firm, LLC",NC,287XX,,Web,,Untimely response,No,True
18419992,2026-01-01T10:02:53.000Z,2026-01-02T14:55:13.000Z,Credit card,General-purpose credit card or charge card,Problem with a purchase shown on your statement,Credit card company isn't resolving a dispute about a purchase on your statement,DISCOVER BANK,CA,92592,,Referral,,Closed with non-monetary relief,Yes,False
18419807,2026-01-01T10:02:27.000Z,2026-01-02T14:42:53.000Z,Checking or savings account,Checking account,Managing an account,Problem using a debit or ATM card,"SOFI TECHNOLOGIES, INC.",TX,77066,,Referral,,Closed with explanation,Yes,False
18401135,2026-01-01T09:59:57.000Z,2026-01-01T10:04:12.000Z,Checking or savings account,Other banking product or service,Opening an account,Unable to open an account,"Block, Inc.",NY,10454,,Web,,Closed with explanation,Yes,True
18401215,2026-01-01T09:57:19.000Z,2026-01-12T22:44:42.000Z,Checking or savings account,Checking account,Managing an account,Banking errors,"Paypal Holdings, Inc",FL,346XX,,Web,,Closed with explanation,Yes,True
18401145,2026-01-01T09:57:17.000Z,2026-01-01T10:08:24.000Z,Credit card,General-purpose credit card or charge card,"Other features, terms, or problems",Other problem,CAPITAL ONE FINANCIAL CORPORATION,CA,951XX,,Web,,Closed with explanation,Yes,True
18401120,2026-01-01T09:43:15.000Z,2026-01-01T10:02:01.000Z,Mortgage,Home equity loan or line of credit (HELOC),Struggling to pay mortgage,Foreclosure,"Shellpoint Partners, LLC",GA,30040,,Web,Company has responded to the consumer and the CFPB and chooses not to provide a public response,Closed with explanation,Yes,False
18401002,2026-01-01T09:37:19.000Z,2026-01-01T09:40:02.000Z,Credit card,General-purpose credit card or charge card,Incorrect information on your report,Account status incorrect,"TRANSUNION INTERMEDIATE HOLDINGS, INC.",IL,60601,,Web,Company has responded to the consumer and the CFPB and chooses not to provide a public response,Closed with non-monetary relief,Yes,False
18400984,2026-01-01T09:34:11.000Z,2026-01-01T09:37:04.000Z,Credit card,General-purpose credit card or charge card,Incorrect information on your report,Account status incorrect,Experian Information Solutions Inc.,IL,60601,,Web,Company has responded to the consumer and the CFPB and chooses not to provide a public response,Closed with explanation,Yes,False
18400982,2026-01-01T09:34:04.000Z,2026-01-01T09:39:10.000Z,Credit card,General-purpose credit card or charge card,Incorrect information on your report,Account status incorrect,Experian Information Solutions Inc.,TX,76105,,Web,Company has responded to the consumer and the CFPB and chooses not to provide a public response,Closed with explanation,Yes,False
18400968,2026-01-01T09:30:31.000Z,2026-01-01T09:34:03.000Z,Credit card,General-purpose credit card or charge card,Incorrect information on your report,Account status incorrect,"EQUIFAX, INC.",IL,60601,,Web,,Closed with non-monetary relief,Yes,False
18400964,2026-01-01T09:30:01.000Z,2026-01-01T09:33:53.000Z,Credit card,General-purpose credit card or charge card,Incorrect information on your report,Account status incorrect,"EQUIFAX, INC.",TX,76105,,Web,,Closed with non-monetary relief,Yes,False
18400960,2026-01-01T09:27:26.000Z,2026-01-01T09:32:17.000Z,Checking or savings account,Checking account,Managing an account,Deposits and withdrawals,CAPITAL ONE FINANCIAL CORPORATION,,XXXXX,,Web,,Closed with explanation,Yes,False
18401035,2026-01-01T09:23:30.000Z,2026-01-01T09:45:14.000Z,Credit card,General-purpose credit card or charge card,Problem with a purchase shown on your statement,Card was charged for something you did not purchase with the card,WELLS FARGO & COMPANY,CA,92301,,Web,Company has responded to the consumer and the CFPB and chooses not to provide a public response,Closed with explanation,Yes,True
18400936,2026-01-01T09:19:58.000Z,2026-01-01T09:26:33.000Z,Checking or savings account,Checking account,Problem with a lender or other company charging your account,Transaction was not authorized,CAPITAL ONE FINANCIAL CORPORATION,,XXXXX,,Web,,Closed with explanation,Yes,False
18401069,2026-01-01T09:19:55.000Z,2026-01-01T09:51:38.000Z,Mortgage,Reverse mortgage,Applying for a mortgage or refinancing an existing mortgage,Trying to communicate with the company to fix an issue with the application process,"Lanier Law Firm, LLC",NC,287XX,,Web,,Untimely response,No,True
18400801,2026-01-01T08:59:14.000Z,2026-01-01T09:01:28.000Z,Credit card,General-purpose credit card or charge card,Incorrect information on your report,Account status incorrect,"TRANSUNION INTERMEDIATE HOLDINGS, INC.",AL,36832,,Web,Company has responded to the consumer and the CFPB and chooses not to provide a public response,Closed with non-monetary relief,Yes,False
18400799,2026-01-01T08:59:12.000Z,2026-01-01T09:01:20.000Z,Credit card,General-purpose credit card or charge card,Incorrect information on your report,Account status incorrect,"TRANSUNION INTERMEDIATE HOLDINGS, INC.",TX,77088,,Web,Company has responded to the consumer and the CFPB and chooses not to provide a public response,Closed with non-monetary relief,Yes,False
18400786,2026-01-01T08:56:53.000Z,2026-01-01T08:59:11.000Z,Credit card,General-purpose credit card or charge card,Incorrect information on your report,Account status incorrect,Experian Information Solutions Inc.,AL,36832,,Web,Company has responded to the consumer and the CFPB and chooses not to provide a public response,Closed with explanation,Yes,False
18400782,2026-01-01T08:56:46.000Z,2026-01-01T08:59:02.000Z,Credit card,General-purpose credit card or charge card,Incorrect information on your report,Account status incorrect,Experian Information Solutions Inc.,TX,77088,,Web,Company has responded to the consumer and the CFPB and chooses not to provide a public response,Closed with explanation,Yes,False
18400768,2026-01-01T08:50:35.000Z,2026-01-01T08:56:40.000Z,Credit card,General-purpose credit card or charge card,Incorrect information on your report,Account status incorrect,"EQUIFAX, INC.",AL,36832,,Web,,Closed with explanation,Yes,False
18400767,2026-01-01T08:50:16.000Z,2026-01-01T08:56:28.000Z,Credit card,General-purpose credit card or charge card,Incorrect information on your report,Account status incorrect,"EQUIFAX, INC.",TX,77088,,Web,,Closed with non-monetary relief,Yes,False
18400754,2026-01-01T08:47:30.000Z,2026-01-01T08:52:44.000Z,Checking or savings account,Checking account,Opening an account,Unable to open an account,LEXISNEXIS,LA,70563,,Web,,Closed with explanation,Yes,False
18400735,2026-01-01T08:39:00.000Z,2026-01-01T08:46:28.000Z,Checking or savings account,Checking account,Managing an account,Problem accessing account,"Paypal Holdings, Inc",OR,97221,,Web,,Closed with explanation,Yes,False
18400737,2026-01-01T08:32:48.000Z,2026-01-01T08:48:21.000Z,Credit card,General-purpose credit card or charge card,Problem with a purchase shown on your statement,Card was charged for something you did not purchase with the card,WELLS FARGO & COMPANY,CA,90650,Older American,Web,Company has responded to the consumer and the CFPB and chooses not to provide a public response,Closed with explanation,Yes,True
18400682,2026-01-01T08:32:31.000Z,2026-01-01T08:39:34.000Z,Checking or savings account,Checking account,Managing an account,Deposits and withdrawals,CAPITAL ONE FINANCIAL CORPORATION,KY,41640,,Web,,Closed with explanation,Yes,False
18400732,2026-01-01T08:24:11.000Z,2026-01-01T08:46:25.000Z,Checking or savings account,Checking account,Opening an account,Unable to open an account,"Early Warning Services, LLC",LA,70563,,Web,,Closed with explanation,Yes,False
18400729,2026-01-01T08:23:05.000Z,2026-01-01T08:45:44.000Z,Checking or savings account,Other banking product or service,Closing an account,Funds not received from closed account,"BANK OF AMERICA, NATIONAL ASSOCIATION",OH,45504,,Web,Company has responded to the consumer and the CFPB and chooses not to provide a public response,Closed with explanation,Yes,False
18400707,2026-01-01T08:20:07.000Z,2026-01-01T08:41:44.000Z,Credit card,General-purpose credit card or charge card,Fees or interest,Problem with fees,SYNCHRONY FINANCIAL,TX,77407,,Web,Company has responded to the consumer and the CFPB and chooses not to provide a public response,Closed with explanation,Yes,True
18400629,2026-01-01T08:19:21.000Z,2026-01-01T08:24:33.000Z,Checking or savings account,Checking account,Managing an account,Deposits and withdrawals,CAPITAL ONE FINANCIAL CORPORATION,NY,11379,,Web,,Closed with explanation,Yes,True
18400617,2026-01-01T08:05:44.000Z,2026-01-01T08:22:17.000Z,Checking or savings account,Checking account,Opening an account,Unable to open an account,"Fidelity National Information Services, Inc. (FNIS)",LA,70563,,Web,Company has responded to the consumer and the CFPB and chooses not to provide a public response,Closed with explanation,Yes,False
18400838,2026-01-01T07:55:51.000Z,2026-01-01T09:09:59.000Z,"Payday loan, title loan, personal loan, or advance loan",Installment loan,Problem when making payments,,"Affirm Holdings, Inc",CA,94560,,Web,,Closed with explanation,Yes,False
18400509,2026-01-01T07:54:34.000Z,2026-01-01T07:59:11.000Z,Checking or savings account,Savings account,Managing an account,Problem accessing account,SYNCHRONY FINANCIAL,IL,625XX,,Web,Company has responded to the consumer and the CFPB and chooses not to provide a public response,Closed with explanation,Yes,True
18400496,2026-01-01T07:53:50.000Z,2026-01-01T07:56:26.000Z,Credit card,General-purpose credit card or charge card,Incorrect information on your report,Account status incorrect,Experian Information Solutions Inc.,FL,33810,,Web,Company has responded to the consumer and the CFPB and chooses not to provide a public response,Closed with explanation,Yes,False
18400484,2026-01-01T07:50:44.000Z,2026-01-01T07:53:38.000Z,Credit card,General-purpose credit card or charge card,Incorrect information on your report,Account status incorrect,Experian Information Solutions Inc.,GA,30168,,Web,Company has responded to the consumer and the CFPB and chooses not to provide a public response,Closed with explanation,Yes,False
18400482,2026-01-01T07:50:25.000Z,2026-01-01T07:53:30.000Z,Credit card,General-purpose credit card or charge card,Incorrect information on your report,Account status incorrect,"EQUIFAX, INC.",FL,33810,,Web,,Closed with explanation,Yes,False
18400446,2026-01-01T07:35:10.000Z,2026-01-01T07:40:49.000Z,Credit card,General-purpose credit card or charge card,Closing your account,Can't close your account,Google Compare Credit Cards Inc.,,XXXXX,,Web,Company has responded to the consumer and the CFPB and chooses not to provide a public response,Closed with explanation,Yes,False
18400351,2026-01-01T07:03:24.000Z,2026-01-01T07:09:52.000Z,Checking or savings account,Checking account,Managing an account,Funds not handled or disbursed as instructed,FISERV FINXACT CORE,AR,723XX,,Web,,Closed with explanation,Yes,True
18400452,2026-01-01T07:02:30.000Z,2026-01-01T07:42:54.000Z,Credit card,General-purpose credit card or charge card,"Advertising and marketing, including promotional offers",Confusing or misleading advertising about the credit card,JPMORGAN CHASE & CO.,TX,78753,,Web,,Closed with non-monetary relief,Yes,True
18400362,2026-01-01T06:52:28.000Z,2026-01-01T07:11:55.000Z,Vehicle loan or lease,Loan,Repossession,Account reinstatement or redemption after repossession,"Westlake Services, LLC",CA,95608,,Web,,Closed with explanation,Yes,True
18400277,2026-01-01T06:50:56.000Z,2026-01-01T06:54:34.000Z,Credit card,General-purpose credit card or charge card,Getting a credit card,Application denied,"CLGF Holdco 1, LLC",CA,92552,,Web,,Closed with explanation,Yes,False
18400566,2026-01-01T06:50:50.000Z,2026-01-01T08:09:24.000Z,Credit card,General-purpose credit card or charge card,Getting a credit card,Card opened without my consent or knowledge,BARCLAYS BANK DELAWARE,WA,98011,,Web,Company has responded to the consumer and the CFPB and chooses not to provide a public response,Closed with explanation,Yes,True
18400280,2026-01-01T06:47:51.000Z,2026-01-01T06:55:18.000Z,Student loan,Private student loan,Getting a loan,Confusing or misleading advertising,Climb Credit Inc.,TN,37013,,Web,,Closed with explanation,Yes,False
18400246,2026-01-01T06:41:36.000Z,2026-01-01T06:49:45.000Z,Student loan,Private student loan,Dealing with your lender or servicer,Received bad information about your loan,"Navient Solutions, LLC.",CA,90212,,Web,,Closed with explanation,Yes,False
18400384,2026-01-01T06:35:20.000Z,2026-01-01T07:16:52.000Z,Checking or savings account,Checking account,Managing an account,Problem making or receiving payments,"Lanier Law Firm, LLC",NC,287XX,,Web,,Untimely response,No,True
18400221,2026-01-01T06:23:58.000Z,2026-01-01T06:42:58.000Z,Checking or savings account,Checking account,Managing an account,Problem using a debit or ATM card,"SANTANDER HOLDINGS USA, INC.",NY,114XX,,Web,Company has responded to the consumer and the CFPB and chooses not to provide a public response,Closed with explanation,Yes,True
18400241,2026-01-01T06:22:39.000Z,2026-01-01T06:46:36.000Z,Checking or savings account,Checking account,Managing an account,Deposits and withdrawals,"CHARLES SCHWAB CORPORATION, THE",VA,22101,,Web,,Closed with explanation,Yes,False
18400256,2026-01-01T06:21:07.000Z,2026-01-01T06:51:02.000Z,Checking or savings account,Other banking product or service,Managing an account,Deposits and withdrawals,"Block, Inc.",TX,78247,,Web,,Closed with explanation,Yes,True
18400104,2026-01-01T06:17:10.000Z,2026-01-01T06:20:31.000Z,Credit card,General-purpose credit card or charge card,"Other features, terms, or problems",Other problem,DISCOVER BANK,NC,27502,Servicemember,Web,,Closed with explanation,Yes,False
18400283,2026-01-01T06:11:40.000Z,2026-01-01T06:56:18.000Z,Mortgage,Home equity loan or line of credit (HELOC),Applying for a mortgage or refinancing an existing mortgage,Application denials,AMERISAVE MORTGAGE CORPORATION,TX,77066,,Web,Company believes the complaint is the result of a misunderstanding,Closed with explanation,Yes,True
18400264,2026-01-01T06:01:13.000Z,2026-01-01T06:52:43.000Z,Checking or savings account,Checking account,Closing an account,Company closed your account,Synovus Bank,FL,338XX,,Web,,Closed with explanation,Yes,True
18400053,2026-01-01T05:55:21.000Z,2026-01-01T06:10:50.000Z,Checking or savings account,Checking account,Managing an account,Deposits and withdrawals,JPMORGAN CHASE & CO.,CA,90502,,Web,,Closed with explanation,Yes,False
18400198,2026-01-01T05:47:40.000Z,2026-01-01T06:40:02.000Z,Mortgage,VA mortgage,Struggling to pay mortgage,"Trying to communicate with the company to fix an issue related to modification, forbearance, short sale, deed-in-lieu, bankruptcy, or foreclosure","PENNYMAC LOAN SERVICES, LLC.",WA,98277,Servicemember,Web,,Closed with non-monetary relief,Yes,True
18400034,2026-01-01T05:46:59.000Z,2026-01-01T06:05:38.000Z,Checking or savings account,Savings account,Managing an account,Deposits and withdrawals,ZIONS BANCORPORATION,CA,90303,Older American,Web,Company has responded to the consumer and the CFPB and chooses not to provide a public response,Closed with explanation,Yes,True
18399977,2026-01-01T05:44:36.000Z,2026-01-01T05:51:48.000Z,Checking or savings account,Checking account,Problem caused by your funds being low,Late or other fees,CAPITAL ONE FINANCIAL CORPORATION,TX,78724,,Web,,Closed with explanation,Yes,False
18400040,2026-01-01T05:43:37.000Z,2026-01-01T06:06:55.000Z,Debt or credit management,Mortgage modification or foreclosure avoidance,Charged upfront or unexpected fees,,"Lanier Law Firm, LLC",NC,287XX,,Web,,Untimely response,No,True
18399980,2026-01-01T05:43:35.000Z,2026-01-01T05:52:05.000Z,Checking or savings account,Other banking product or service,Closing an account,Company closed your account,"Paypal Holdings, Inc",SC,293XX,,Web,,Closed with explanation,Yes,True
18399993,2026-01-01T05:39:13.000Z,2026-01-01T05:55:24.000Z,Checking or savings account,Checking account,Problem with a lender or other company charging your account,Transaction was not authorized,Chime Inc.,IL,628XX,,Web,,Closed with explanation,Yes,True
18399921,2026-01-01T05:38:53.000Z,2026-01-01T05:42:59.000Z,Student loan,Federal student loan servicing,Incorrect information on your report,Account status incorrect,"Maximus Federal Services, Inc.",NJ,07304,,Web,,Closed with explanation,Yes,False
18400102,2026-01-01T05:37:56.000Z,2026-01-01T06:20:19.000Z,Mortgage,Conventional home mortgage,Trouble during payment process,Trying to communicate with the company to fix an issue while managing or servicing your loan,"SELECT PORTFOLIO SERVICING, INC.",TX,78249,,Web,,Closed with explanation,Yes,False
18400098,2026-01-01T05:36:24.000Z,2026-01-01T06:19:28.000Z,Credit card,Store credit card,Fees or interest,Problem with fees,SYNCHRONY FINANCIAL,AR,72713,,Web,Company has responded to the consumer and the CFPB and chooses not to provide a public response,Closed with explanation,Yes,False
18399908,2026-01-01T05:32:07.000Z,2026-01-01T05:39:06.000Z,Credit card,General-purpose credit card or charge card,Closing your account,Company closed your account,CAPITAL ONE FINANCIAL CORPORATION,NJ,08701,,Web,,Closed with explanation,Yes,False
18399899,2026-01-01T05:13:14.000Z,2026-01-01T05:38:20.000Z,Checking or savings account,Checking account,Problem with a lender or other company charging your account,Transaction was not authorized,"Paypal Holdings, Inc",IL,606XX,Servicemember,Web,,Closed with explanation,Yes,True
18399784,2026-01-01T05:08:24.000Z,2026-01-01T05:15:57.000Z,Checking or savings account,Checking account,Closing an account,Company closed your account,JPMORGAN CHASE & CO.,OK,747XX,Servicemember,Web,,Closed with explanation,Yes,True
18399810,2026-01-01T04:57:24.000Z,2026-02-20T13:58:27.000Z,Credit card,General-purpose credit card or charge card,Closing your account,Company closed your account,"PINNACLE FINANCIAL PARTNERS, INC.",GA,30297,,Web,,Closed with explanation,Yes,False
18399735,2026-01-01T04:53:16.000Z,2026-01-01T05:01:24.000Z,"Payday loan, title loan, personal loan, or advance loan",Payday loan,Money was taken from your bank account on the wrong day or for the wrong amount,,Activehours,FL,333XX,,Web,,Closed with explanation,Yes,True
18399787,2026-01-01T04:50:30.000Z,2026-01-01T05:16:54.000Z,Checking or savings account,Checking account,Managing an account,Deposits and withdrawals,Chime Financial Inc,OK,73135,Servicemember,Web,,Closed with explanation,Yes,False
18399778,2026-01-01T04:43:09.000Z,2026-01-01T05:13:15.000Z,Credit card,General-purpose credit card or charge card,Problem with a company's investigation into an existing problem,Their investigation did not fix an error on your report,NAVY FEDERAL CREDIT UNION,NC,28214,,Web,Company believes it acted appropriately as authorized by contract or law,Closed with non-monetary relief,Yes,False
18399674,2026-01-01T04:43:00.000Z,2026-01-01T04:48:29.000Z,Student loan,Federal student loan servicing,Dealing with your lender or servicer,Received bad information about your loan,MOHELA,TX,75150,,Web,Company believes it acted appropriately as authorized by contract or law,Closed with explanation,Yes,False
18399676,2026-01-01T04:40:40.000Z,2026-01-01T04:49:20.000Z,Checking or savings account,Checking account,Managing an account,Problem using a debit or ATM card,"SOFI TECHNOLOGIES, INC.",OK,74133,,Web,,Closed with explanation,Yes,False
18399779,2026-01-01T04:36:45.000Z,2026-01-01T05:13:45.000Z,Mortgage,FHA mortgage,Applying for a mortgage or refinancing an existing mortgage,Delays in the application process,WELLS FARGO & COMPANY,MA,01604,,Web,Company has responded to the consumer and the CFPB and chooses not to provide a public response,Closed with explanation,Yes,False
18399703,2026-01-01T04:36:20.000Z,2026-01-01T04:55:41.000Z,Student loan,Federal student loan servicing,Dealing with your lender or servicer,Received bad information about your loan,"Maximus Federal Services, Inc.",CA,90066,,Web,,Closed with explanation,Yes,False
18399686,2026-01-01T04:36:13.000Z,2026-01-01T04:51:33.000Z,Debt or credit management,Student loan debt relief,Unauthorized withdrawals or charges,,Servicer under contract with Federal Student Aid,OH,43402,,Web,,Untimely response,No,True
18399708,2026-01-01T04:35:35.000Z,2026-01-01T04:56:31.000Z,Checking or savings account,Checking account,Closing an account,Funds not received from closed account,UNITED SERVICES AUTOMOBILE ASSOCIATION,TX,76549,,Web,Company has responded to the consumer and the CFPB and chooses not to provide a public response,Closed with explanation,Yes,True
18399749,2026-01-01T04:34:58.000Z,2026-01-07T17:52:36.000Z,Student loan,Federal student loan servicing,Struggling to repay your loan,"Problem with forgiveness, cancellation, or discharge","Maximus Federal Services, Inc.",SC,29073,Older American,Web,,Closed with explanation,Yes,False
18399662,2026-01-01T04:32:22.000Z,2026-01-01T04:42:21.000Z,Student loan,Federal student loan servicing,Dealing with your lender or servicer,Received bad information about your loan,AES/PHEAA,TX,75150,,Web,,Closed with explanation,Yes,False
18399732,2026-01-01T04:30:07.000Z,2026-02-24T15:04:01.000Z,Credit card,General-purpose credit card or charge card,Trouble using your card,Account sold or transferred to another company,"CITIBANK, N.A.",CA,91303,,Web,Company has responded to the consumer and the CFPB and chooses not to provide a public response,Closed with explanation,Yes,False
18399649,2026-01-01T04:28:39.000Z,2026-01-01T04:38:56.000Z,Vehicle loan or lease,Loan,Managing the loan or lease,Billing problem,ALLY FINANCIAL INC.,NV,89121,,Web,,Closed with explanation,Yes,False
18399602,2026-01-01T04:24:33.000Z,2026-01-01T04:31:35.000Z,Debt or credit management,Debt settlement,Didn't provide services promised,,NATIONAL DEBT RELIEF LLC,CA,94086,,Web,,Closed with explanation,Yes,False
18399639,2026-01-01T04:18:48.000Z,2026-01-01T04:37:30.000Z,Student loan,Federal student loan servicing,Struggling to repay your loan,"Problem with forgiveness, cancellation, or discharge","Nelnet, Inc.",CA,92345,,Web,,Closed with explanation,Yes,False
18399577,2026-01-01T04:17:38.000Z,2026-01-01T04:24:00.000Z,Checking or savings account,Checking account,Opening an account,Unable to open an account,WELLS FARGO & COMPANY,CA,91710,,Web,Company has responded to the consumer and the CFPB and chooses not to provide a public response,Closed with non-monetary relief,Yes,True
18399568,2026-01-01T04:15:15.000Z,2026-01-01T04:21:14.000Z,Vehicle loan or lease,Loan,Managing the loan or lease,Billing problem,TOYOTA MOTOR CREDIT CORPORATION,TX,75075,,Web,,Closed with explanation,Yes,True
18399575,2026-01-01T04:14:33.000Z,2026-01-01T04:23:37.000Z,Checking or savings account,Checking account,Managing an account,Deposits and withdrawals,CAPITAL ONE FINANCIAL CORPORATION,KY,41640,,Web,,Closed with explanation,Yes,False
18399655,2026-01-01T04:11:27.000Z,2026-01-01T04:41:31.000Z,Mortgage,VA mortgage,Trouble during payment process,Trying to communicate with the company to fix an issue while managing or servicing your loan,"BSI Financial Holdings, Inc.",FL,32751,Servicemember,Web,,Closed with explanation,Yes,True
18399553,2026-01-01T04:11:21.000Z,2026-01-01T04:17:26.000Z,Checking or savings account,Checking account,Managing an account,Funds not handled or disbursed as instructed,Chime Financial Inc,MI,486XX,,Web,,Closed with explanation,Yes,True
18399523,2026-01-01T04:05:52.000Z,2026-01-01T04:10:24.000Z,Vehicle loan or lease,Loan,Incorrect information on your report,Information belongs to someone else,CREDIT ACCEPTANCE CORPORATION,NC,27215,,Web,Company has responded to the consumer and the CFPB and chooses not to provide a public response,Closed with explanation,Yes,False
18399606,2026-01-01T03:58:03.000Z,2026-01-01T04:31:52.000Z,Student loan,Federal student loan servicing,Dealing with your lender or servicer,Received bad information about your loan,American Student Assistance,TX,75150,,Web,Company has responded to the consumer and the CFPB and chooses not to provide a public response,Closed with explanation,Yes,False
18399499,2026-01-01T03:56:31.000Z,2026-01-01T04:06:40.000Z,Prepaid card,General-purpose prepaid card,Unexpected or other fees,,Incomm Holdings Inc.,OH,45429,Servicemember,Web,,Closed with explanation,Yes,True
18399521,2026-01-01T03:56:04.000Z,2026-01-01T04:10:22.000Z,Credit card,General-purpose credit card or charge card,"Other features, terms, or problems",Privacy issues,UNITED SERVICES AUTOMOBILE ASSOCIATION,FL,32751,Servicemember,Web,Company has responded to the consumer and the CFPB and chooses not to provide a public response,Closed with explanation,Yes,True
18399441,2026-01-01T03:47:35.000Z,2026-01-01T03:52:54.000Z,Credit card,General-purpose credit card or charge card,Problem with a purchase shown on your statement,Card was charged for something you did not purchase with the card,AMERICAN EXPRESS COMPANY,NJ,085XX,,Web,,Closed with monetary relief,Yes,True
18399442,2026-01-01T03:46:10.000Z,2026-01-01T03:52:56.000Z,Credit card,General-purpose credit card or charge card,Struggling to pay your bill,Filed for bankruptcy,"BANK OF AMERICA, NATIONAL ASSOCIATION",NC,27215,,Web,Company has responded to the consumer and the CFPB and chooses not to provide a public response,Closed with explanation,Yes,False
18399448,2026-01-01T03:41:40.000Z,2026-01-01T03:54:45.000Z,Credit card,General-purpose credit card or charge card,Improper use of your report,Reporting company used your report improperly,JPMORGAN CHASE & CO.,FL,32751,Servicemember,Web,,Closed with explanation,Yes,True
18399889,2026-01-01T03:39:27.000Z,2026-01-01T05:36:35.000Z,Credit card,General-purpose credit card or charge card,"Other features, terms, or problems",Other problem,JPMORGAN CHASE & CO.,CA,93610,Older American,Web,,Closed with explanation,Yes,True
18399390,2026-01-01T03:38:43.000Z,2026-01-01T03:42:33.000Z,Credit card,General-purpose credit card or charge card,Trouble using your card,Can't use card to make purchases,AMERICAN EXPRESS COMPANY,CA,92646,,Web,,Closed with explanation,Yes,False
18399493,2026-01-01T03:33:08.000Z,2026-01-01T04:05:46.000Z,Checking or savings account,Checking account,Closing an account,Funds not received from closed account,EAST WEST BANK,CA,91801,Older American,Web,,Closed with explanation,Yes,True
18399314,2026-01-01T03:17:41.000Z,2026-01-01T03:21:27.000Z,Credit card,General-purpose credit card or charge card,Trouble using your card,Can't use card to make purchases,WELLS FARGO & COMPANY,CA,92646,,Web,Company has responded to the consumer and the CFPB and chooses not to provide a public response,Closed with explanation,Yes,False
18399387,2026-01-01T03:12:15.000Z,2026-01-01T03:41:41.000Z,Vehicle loan or lease,Loan,Managing the loan or lease,Billing problem,ALLY FINANCIAL INC.,NJ,08048,,Web,,Closed with explanation,Yes,False
18399339,2026-01-01T03:00:31.000Z,2026-03-11T16:08:47.000Z,"Payday loan, title loan, personal loan, or advance loan",Installment loan,Problem when making payments,,GOLDMAN SACHS BANK USA,CA,95812,,Web,,Closed with explanation,Yes,False
18399250,2026-01-01T03:00:07.000Z,2026-01-01T03:06:36.000Z,Student loan,Private student loan,Incorrect information on your report,Old information reappears or never goes away,"Nelnet, Inc.",GA,302XX,,Web,,Closed with explanation,Yes,False
18399245,2026-01-01T02:53:17.000Z,2026-01-01T03:05:20.000Z,Checking or savings account,Checking account,Managing an account,Deposits and withdrawals,"SOFI TECHNOLOGIES, INC.",HI,96816,,Web,,Closed with explanation,Yes,True
18399261,2026-01-01T02:51:49.000Z,2026-01-01T03:08:04.000Z,Checking or savings account,Checking account,Problem with a lender or other company charging your account,Money was taken from your account on the wrong day or for the wrong amount,Chime Financial Inc,NY,145XX,,Web,,Closed with monetary relief,Yes,False
18399166,2026-01-01T02:47:48.000Z,2026-01-01T02:52:19.000Z,Debt or credit management,Debt settlement,Didn't provide services promised,,"Consumer Financial Services Solutions, Inc.",MA,02019,,Web,,Closed with explanation,Yes,False
18399178,2026-01-01T02:46:22.000Z,2026-01-01T02:54:12.000Z,Credit card,General-purpose credit card or charge card,Problem with a purchase shown on your statement,Credit card company isn't resolving a dispute about a purchase on your statement,DISCOVER BANK,AL,35244,,Web,,Closed with explanation,Yes,False
18399269,2026-01-01T02:42:26.000Z,2026-01-01T03:11:12.000Z,Vehicle loan or lease,Lease,Managing the loan or lease,Billing problem,"SANTANDER HOLDINGS USA, INC.",FL,32757,,Web,,Closed with explanation,Yes,False
18399189,2026-01-01T02:40:45.000Z,2026-01-01T02:55:38.000Z,Credit card,General-purpose credit card or charge card,Problem when making payments,Problem during payment process,"Portfolio Recovery Associates, LLC",TN,37043,,Web,,Closed with explanation,Yes,True
18399388,2026-01-01T02:39:06.000Z,2026-01-01T03:42:00.000Z,Credit card,General-purpose credit card or charge card,Problem with a purchase shown on your statement,Credit card company isn't resolving a dispute about a purchase on your statement,"CITIBANK, N.A.",NC,27278,Older American,Web,Company has responded to the consumer and the CFPB and chooses not to provide a public response,Closed with monetary relief,Yes,False
18399165,2026-01-01T02:37:49.000Z,2026-01-01T02:51:52.000Z,Vehicle loan or lease,Loan,Repossession,Lender trying to repossess or disable the vehicle,OneMain Finance Corporation,NJ,070XX,,Web,,Closed with non-monetary relief,Yes,True
18399239,2026-01-01T02:37:39.000Z,2026-01-01T03:04:15.000Z,Credit card,General-purpose credit card or charge card,Problem with a purchase shown on your statement,Credit card company isn't resolving a dispute about a purchase on your statement,"CITIBANK, N.A.",CA,XXXXX,,Web,Company has responded to the consumer and the CFPB and chooses not to provide a public response,Closed with explanation,Yes,True
18399164,2026-01-01T02:36:37.000Z,2026-01-01T02:51:52.000Z,"Payday loan, title loan, personal loan, or advance loan",Installment loan,Problem with additional add-on products or services,,Sezzle Inc.,MS,39426,,Web,,Closed with explanation,Yes,False
18399139,2026-01-01T02:35:41.000Z,2026-01-01T02:45:31.000Z,Credit card,General-purpose credit card or charge card,Incorrect information on your report,Account information incorrect,Kovo,NV,89108,,Web,,Closed with explanation,Yes,False
18399109,2026-01-01T02:34:01.000Z,2026-01-01T02:39:01.000Z,Checking or savings account,Checking account,Problem with a lender or other company charging your account,Transaction was not authorized,CAPITAL ONE FINANCIAL CORPORATION,TN,381XX,,Web,,Closed with explanation,Yes,True
18399267,2026-01-01T02:33:42.000Z,2026-01-01T03:09:55.000Z,Mortgage,Conventional home mortgage,Trouble during payment process,Payment process,"SELECT PORTFOLIO SERVICING, INC.",FL,34786,,Web,,Closed with explanation,Yes,True
18399127,2026-01-01T02:28:33.000Z,2026-01-01T02:42:52.000Z,Credit card,Store credit card,Fees or interest,Unexpected increase in interest rate,"Duvera Billing Services, LLC",CA,92084,,Web,,Closed with explanation,Yes,True
18399128,2026-01-01T02:27:15.000Z,2026-01-01T02:43:14.000Z,Checking or savings account,Checking account,Managing an account,Deposits and withdrawals,AMERIS BANCORP,GA,317XX,Servicemember,Web,,Closed with explanation,Yes,True
18399221,2026-01-01T02:26:46.000Z,2026-01-01T03:00:17.000Z,Mortgage,Conventional home mortgage,Struggling to pay mortgage,"Trying to communicate with the company to fix an issue related to modification, forbearance, short sale, deed-in-lieu, bankruptcy, or foreclosure",PNC Bank N.A.,DC,20019,,Web,,Closed with explanation,Yes,True
18399180,2026-01-01T02:23:58.000Z,2026-01-01T02:54:42.000Z,Checking or savings account,Checking account,Problem with a lender or other company charging your account,Transaction was not authorized,U.S. BANCORP,CA,90660,,Web,Company has responded to the consumer and the CFPB and chooses not to provide a public response,Closed with explanation,Yes,True
18399066,2026-01-01T02:21:57.000Z,2026-01-01T02:27:18.000Z,Student loan,Federal student loan servicing,Incorrect information on your report,Information belongs to someone else,"Nelnet, Inc.",AZ,85143,,Web,,Closed with explanation,Yes,True
18399110,2026-01-01T02:21:38.000Z,2026-01-01T02:39:09.000Z,Checking or savings account,Checking account,Managing an account,Problem using a debit or ATM card,"SOFI TECHNOLOGIES, INC.",HI,96817,Older American,Web,,Closed with explanation,Yes,True
18399056,2026-01-01T02:16:51.000Z,2026-01-01T02:24:40.000Z,Checking or savings account,Checking account,Managing an account,Deposits and withdrawals,CAPITAL ONE FINANCIAL CORPORATION,FL,33020,,Web,,Closed with explanation,Yes,True
18399062,2026-01-01T02:06:54.000Z,2026-01-01T02:26:00.000Z,Checking or savings account,Checking account,Problem with a lender or other company charging your account,Can't stop withdrawals from your account,WELLS FARGO & COMPANY,NJ,07105,,Web,Company has responded to the consumer and the CFPB and chooses not to provide a public response,Closed with explanation,Yes,False
18399050,2026-01-01T02:06:44.000Z,2026-01-01T02:21:46.000Z,Student loan,Federal student loan servicing,Dealing with your lender or servicer,Trouble with how payments are being handled,"Navient Solutions, LLC.",OH,43402,,Web,,Closed with explanation,Yes,True
18398980,2026-01-01T02:03:11.000Z,2026-02-18T21:00:19.000Z,Credit card,General-purpose credit card or charge card,Getting a credit card,Delay in processing application,"Bread Financial Holdings, Inc.",CA,92337,,Web,,Closed with explanation,Yes,False
18398954,2026-01-01T01:59:22.000Z,2026-02-18T21:00:11.000Z,Credit card,General-purpose credit card or charge card,Getting a credit card,Delay in processing application,"Bread Financial Holdings, Inc.",CA,92337,,Web,,Closed with explanation,Yes,False
18399117,2026-01-01T01:55:57.000Z,2026-01-01T02:41:59.000Z,Vehicle loan or lease,Loan,Repossession,Lender trying to repossess or disable the vehicle,"BMW Financial Services NA, LLC",FL,33027,,Web,,Closed with explanation,Yes,True
18399088,2026-01-01T01:55:15.000Z,2026-01-01T02:31:50.000Z,Credit card,General-purpose credit card or charge card,Problem with a purchase shown on your statement,Credit card company isn't resolving a dispute about a purchase on your statement,ROBINHOOD MARKETS INC.,AZ,85730,,Web,,Closed with explanation,Yes,False
18398918,2026-01-01T01:54:41.000Z,2026-02-18T21:00:13.000Z,Credit card,General-purpose credit card or charge card,Getting a credit card,Delay in processing application,"Bread Financial Holdings, Inc.",CA,92337,,Web,,Closed with explanation,Yes,False
18398990,2026-01-01T01:53:28.000Z,2026-01-01T02:07:19.000Z,Checking or savings account,Checking account,Closing an account,Company closed your account,"SOFI TECHNOLOGIES, INC.",AZ,85015,,Web,,Closed with explanation,Yes,True
18399042,2026-01-01T01:52:41.000Z,2026-01-01T02:17:50.000Z,Student loan,Federal student loan servicing,Incorrect information on your report,Account status incorrect,EdFinancial Services,MD,20706,Servicemember,Web,,Closed with explanation,Yes,True
18399029,2026-01-01T01:51:53.000Z,2026-01-01T02:15:04.000Z,Credit card,General-purpose credit card or charge card,Getting a credit card,Application denied,"CITIBANK, N.A.",CA,92108,,Web,Company has responded to the consumer and the CFPB and chooses not to provide a public response,Closed with explanation,Yes,False
18399111,2026-01-01T01:50:22.000Z,2026-01-01T02:39:22.000Z,Student loan,Federal student loan servicing,Dealing with your lender or servicer,Trouble with how payments are being handled,MOHELA,CA,94501,,Web,,Untimely response,No,True
18398900,2026-01-01T01:47:44.000Z,2026-02-19T14:44:57.000Z,Mortgage,VA mortgage,Trouble during payment process,Payment process,"Shellpoint Partners, LLC",TN,37066,Servicemember,Web,,Closed with explanation,Yes,False
18398870,2026-01-01T01:47:30.000Z,2026-01-13T12:23:42.000Z,Credit card,General-purpose credit card or charge card,Getting a credit card,Card opened without my consent or knowledge,Resurgent Capital Services L.P.,CA,92337,,Web,,Closed with explanation,Yes,False
18398949,2026-01-01T01:45:26.000Z,2026-02-20T13:58:01.000Z,Checking or savings account,Checking account,Managing an account,Deposits and withdrawals,Chime Financial Inc,OH,43223,,Web,,Closed with explanation,Yes,False
18398926,2026-01-01T01:45:16.000Z,2026-01-01T01:59:20.000Z,Checking or savings account,Checking account,Managing an account,Funds not handled or disbursed as instructed,"BANK OF AMERICA, NATIONAL ASSOCIATION",AZ,85206,Older American,Web,Company has responded to the consumer and the CFPB and chooses not to provide a public response,Closed with explanation,Yes,False
18398877,2026-01-01T01:44:50.000Z,2026-01-01T01:51:52.000Z,Credit card,General-purpose credit card or charge card,Problem with a purchase shown on your statement,Credit card company isn't resolving a dispute about a purchase on your statement,NAVY FEDERAL CREDIT UNION,WA,981XX,Servicemember,Web,Company believes it acted appropriately as authorized by contract or law,Closed with explanation,Yes,True
18399007,2026-01-01T01:44:49.000Z,2026-01-05T20:58:39.000Z,Checking or savings account,Checking account,Managing an account,Problem accessing account,SUNCOAST CREDIT UNION,FL,XXXXX,,Web,,Closed with explanation,Yes,False
18398965,2026-01-01T01:44:47.000Z,2026-01-01T02:03:58.000Z,Checking or savings account,Checking account,Managing an account,Problem using a debit or ATM card,JPMORGAN CHASE & CO.,TX,77469,,Web,,Closed with explanation,Yes,True
18398868,2026-01-01T01:28:14.000Z,2026-01-01T01:49:48.000Z,Credit card,General-purpose credit card or charge card,"Other features, terms, or problems",Other problem,AMERICAN EXPRESS COMPANY,UT,84123,,Web,,Closed with explanation,No,True
18398936,2026-01-01T01:24:04.000Z,2026-01-01T01:59:42.000Z,Credit card,General-purpose credit card or charge card,Getting a credit card,Application denied,PNC Bank N.A.,FL,33183,,Web,,Closed with explanation,Yes,False
18398757,2026-01-01T01:18:57.000Z,2026-01-01T01:26:19.000Z,Credit card,General-purpose credit card or charge card,Incorrect information on your report,Account information incorrect,CAPITAL ONE FINANCIAL CORPORATION,PA,15210,,Web,,Closed with explanation,Yes,True
18398748,2026-01-01T01:17:03.000Z,2026-01-01T01:23:31.000Z,Checking or savings account,Checking account,Managing an account,Banking errors,WELLS FARGO & COMPANY,ID,83854,,Web,Company has responded to the consumer and the CFPB and chooses not to provide a public response,Closed with non-monetary relief,Yes,True
18398789,2026-01-01T01:14:52.000Z,2026-01-01T01:33:45.000Z,Credit card,General-purpose credit card or charge card,Problem with a purchase shown on your statement,Card was charged for something you did not purchase with the card,"CITIBANK, N.A.",NM,87112,,Web,Company has responded to the consumer and the CFPB and chooses not to provide a public response,Closed with explanation,Yes,True
18398756,2026-01-01T01:14:08.000Z,2026-01-01T01:26:13.000Z,Vehicle loan or lease,Loan,Managing the loan or lease,Billing problem,"Exeter Finance, LLC.",TX,77070,Servicemember,Web,,Closed with explanation,Yes,True
18398733,2026-01-01T01:12:06.000Z,2026-01-01T01:19:28.000Z,Credit card,General-purpose credit card or charge card,"Other features, terms, or problems",Problem with rewards from credit card,"BANK OF AMERICA, NATIONAL ASSOCIATION",TX,78723,,Web,Company has responded to the consumer and the CFPB and chooses not to provide a public response,Closed with explanation,Yes,True
18398727,2026-01-01T01:09:54.000Z,2026-01-01T01:17:53.000Z,Debt or credit management,Debt settlement,Confusing or misleading advertising or marketing,,"Sapphire Marketing Group, Inc.",LA,704XX,,Web,,Untimely response,No,True
18398808,2026-01-01T01:07:00.000Z,2026-01-01T01:38:30.000Z,Checking or savings account,Checking account,Managing an account,Deposits and withdrawals,CAPITAL ONE FINANCIAL CORPORATION,IL,60629,,Web,,Closed with explanation,Yes,True
18398686,2026-01-01T01:05:43.000Z,2026-01-01T01:09:06.000Z,Checking or savings account,Checking account,Problem with a lender or other company charging your account,Transaction was not authorized,"BANK OF AMERICA, NATIONAL ASSOCIATION",MI,48315,,Web,Company has responded to the consumer and the CFPB and chooses not to provide a public response,Closed with explanation,Yes,False
18398728,2026-01-01T01:05:16.000Z,2026-01-01T01:17:55.000Z,"Payday loan, title loan, personal loan, or advance loan",Installment loan,Getting the loan,,Sezzle Inc.,IA,526XX,,Web,,Closed with explanation,Yes,True
18398760,2026-01-01T00:55:24.000Z,2026-01-01T01:26:53.000Z,Vehicle loan or lease,Loan,Managing the loan or lease,Billing problem,"General Motors Financial Company, Inc.",GA,XXXXX,,Web,,Closed with explanation,Yes,True
18398840,2026-01-01T00:51:50.000Z,2026-01-01T01:46:40.000Z,Checking or savings account,Checking account,Managing an account,Problem using a debit or ATM card,Chime Financial Inc,CA,94112,,Web,,Closed with explanation,Yes,True
18398716,2026-01-01T00:49:57.000Z,2026-01-01T01:15:41.000Z,Student loan,Federal student loan servicing,Struggling to repay your loan,"Problem with forgiveness, cancellation, or discharge",Servicer under contract with Federal Student Aid,WA,98005,,Web,,Untimely response,No,False
18398627,2026-01-01T00:47:05.000Z,2026-01-01T00:58:06.000Z,Credit card,General-purpose credit card or charge card,Fees or interest,Problem with fees,WELLS FARGO & COMPANY,CA,91101,Older American,Web,Company has responded to the consumer and the CFPB and chooses not to provide a public response,Closed with explanation,Yes,True
18398707,2026-01-01T00:45:23.000Z,2026-01-01T01:13:46.000Z,Credit card,Store credit card,"Advertising and marketing, including promotional offers",Confusing or misleading advertising about the credit card,"Bread Financial Holdings, Inc.",GA,305XX,Servicemember,Web,,Closed with monetary relief,Yes,True
18398625,2026-01-01T00:44:44.000Z,2026-01-01T00:57:51.000Z,Checking or savings account,Checking account,Managing an account,Cashing a check,"BANK OF AMERICA, NATIONAL ASSOCIATION",CA,94131,,Web,Company has responded to the consumer and the CFPB and chooses not to provide a public response,Closed with explanation,Yes,True
18398597,2026-01-01T00:43:54.000Z,2026-01-01T00:52:43.000Z,Checking or savings account,Other banking product or service,Closing an account,Company closed your account,Chime Financial Inc,TX,79605,,Web,,Closed with explanation,Yes,True
18398685,2026-01-01T00:41:20.000Z,2026-01-01T01:08:37.000Z,Vehicle loan or lease,Loan,Repossession,Voluntary repossession,Mercedes Benz Financial Services,NY,11218,Servicemember,Web,,Closed with explanation,Yes,True
18398641,2026-01-01T00:39:24.000Z,2026-02-19T13:35:33.000Z,Checking or savings account,Checking account,Problem caused by your funds being low,Bounced checks or returned payments,"Credit Karma, LLC",AZ,85008,,Web,,Closed with explanation,Yes,True
18398642,2026-01-01T00:37:53.000Z,2026-01-01T01:00:56.000Z,Checking or savings account,Checking account,Problem with a lender or other company charging your account,Transaction was not authorized,JPMORGAN CHASE & CO.,LA,70817,Servicemember,Web,,Closed with explanation,Yes,False
18398557,2026-01-01T00:37:24.000Z,2026-01-01T00:44:56.000Z,Vehicle loan or lease,Loan,Repossession,Deficiency balance after repossession,WELLS FARGO & COMPANY,FL,32601,,Web,Company has responded to the consumer and the CFPB and chooses not to provide a public response,Closed with explanation,Yes,False
18398645,2026-01-01T00:36:20.000Z,2026-01-01T01:01:06.000Z,Mortgage,Conventional home mortgage,Trouble during payment process,"Escrow, taxes, or insurance","Rocket Mortgage, LLC",SC,29209,,Web,,Closed with explanation,Yes,True
18398687,2026-01-01T00:34:59.000Z,2026-01-01T01:09:13.000Z,"Payday loan, title loan, personal loan, or advance loan",Payday loan,Charged fees or interest you didn't expect,,"Opportunity Financial, LLC",TN,37421,,Web,,Closed with explanation,Yes,True
18398659,2026-01-01T00:32:02.000Z,2026-01-01T01:03:47.000Z,Mortgage,Conventional home mortgage,Struggling to pay mortgage,"Trying to communicate with the company to fix an issue related to modification, forbearance, short sale, deed-in-lieu, bankruptcy, or foreclosure",WELLS FARGO & COMPANY,MD,21117,Servicemember,Web,Company has responded to the consumer and the CFPB and chooses not to provide a public response,Closed with explanation,Yes,False
18398575,2026-01-01T00:31:54.000Z,2026-01-01T00:47:20.000Z,Credit card,Store credit card,Fees or interest,Problem with fees,"Bread Financial Holdings, Inc.",VA,23181,,Web,,Closed with monetary relief,Yes,False
18398681,2026-01-01T00:26:52.000Z,2026-01-01T01:08:02.000Z,Checking or savings account,Checking account,Closing an account,Company closed your account,CAPITAL ONE FINANCIAL CORPORATION,IL,60620,,Web,,Closed with explanation,Yes,False
18398481,2026-01-01T00:24:20.000Z,2026-01-01T00:28:28.000Z,Checking or savings account,Checking account,Managing an account,Deposits and withdrawals,CapitalJ Inc. dba Juno,CA,91304,,Web,,Closed with explanation,Yes,True
18398499,2026-01-01T00:23:59.000Z,2026-01-01T00:32:58.000Z,Vehicle loan or lease,Loan,Repossession,Deficiency balance after repossession,"SANTANDER HOLDINGS USA, INC.",FL,34428,,Web,,Closed with explanation,Yes,False
18398539,2026-01-01T00:20:25.000Z,2026-01-01T00:41:36.000Z,Checking or savings account,Other banking product or service,Problem with a lender or other company charging your account,Transaction was not authorized,Chime Financial Inc,CA,92543,,Web,,Closed with explanation,Yes,True
18398614,2026-01-01T00:18:47.000Z,2026-01-01T00:55:31.000Z,Mortgage,Conventional home mortgage,Struggling to pay mortgage,Foreclosure,Ocwen Financial Corporation,CA,93550,,Web,,Closed with explanation,Yes,True
18398498,2026-01-01T00:17:30.000Z,2026-01-01T00:32:58.000Z,Mortgage,Manufactured home loan,Trouble during payment process,Interest rate,"Shellpoint Partners, LLC",TX,77423,Older American,Web,Company has responded to the consumer and the CFPB and chooses not to provide a public response,Closed with explanation,Yes,False
18398511,2026-01-01T00:17:22.000Z,2026-01-01T00:34:12.000Z,Credit card,General-purpose credit card or charge card,Problem with a purchase shown on your statement,Credit card company isn't resolving a dispute about a purchase on your statement,JPMORGAN CHASE & CO.,TX,76132,,Web,,Closed with monetary relief,Yes,True
18398408,2026-01-01T00:14:30.000Z,2026-01-01T00:18:47.000Z,Credit card,General-purpose credit card or charge card,Getting a credit card,Card opened without my consent or knowledge,Experian Information Solutions Inc.,IL,60621,,Web,Company has responded to the consumer and the CFPB and chooses not to provide a public response,Closed with explanation,Yes,True
18398485,2026-01-01T00:14:26.000Z,2026-01-01T00:29:33.000Z,Checking or savings account,Savings account,Closing an account,Company closed your account,"SOFI TECHNOLOGIES, INC.",GA,30094,Servicemember,Web,,Closed with monetary relief,Yes,True
18398404,2026-01-01T00:13:32.000Z,2026-01-01T00:18:17.000Z,Credit card,General-purpose credit card or charge card,Getting a credit card,Card opened without my consent or knowledge,"TRANSUNION INTERMEDIATE HOLDINGS, INC.",IL,60804,,Web,Company has responded to the consumer and the CFPB and chooses not to provide a public response,Closed with non-monetary relief,Yes,False
18398430,2026-01-01T00:11:03.000Z,2026-01-01T00:21:26.000Z,Credit card,General-purpose credit card or charge card,Closing your account,Company closed your account,"BANK OF AMERICA, NATIONAL ASSOCIATION",CA,95337,,Web,Company has responded to the consumer and the CFPB and chooses not to provide a public response,Closed with explanation,Yes,True
18398385,2026-01-01T00:10:24.000Z,2026-01-01T00:14:31.000Z,Credit card,General-purpose credit card or charge card,Getting a credit card,Card opened without my consent or knowledge,"TRANSUNION INTERMEDIATE HOLDINGS, INC.",IL,60621,,Web,Company has responded to the consumer and the CFPB and chooses not to provide a public response,Closed with explanation,Yes,True
18398393,2026-01-01T00:09:14.000Z,2026-01-01T00:16:29.000Z,Checking or savings account,Checking account,Managing an account,Problem using a debit or ATM card,CAPITAL ONE FINANCIAL CORPORATION,OH,43213,,Web,,Closed with explanation,Yes,False
18398423,2026-01-01T00:09:05.000Z,2026-01-01T00:19:59.000Z,Vehicle loan or lease,Loan,Managing the loan or lease,Billing problem,Bridgecrest Acceptance Corporation,IL,61065,,Web,,Closed with explanation,Yes,False
18398340,2026-01-01T00:06:38.000Z,2026-01-01T00:09:21.000Z,Credit card,General-purpose credit card or charge card,Getting a credit card,Card opened without my consent or knowledge,"EQUIFAX, INC.",IL,60621,,Web,,Closed with non-monetary relief,Yes,True
18398353,2026-01-01T00:02:50.000Z,2026-01-01T00:09:56.000Z,Checking or savings account,Checking account,Problem with a lender or other company charging your account,Transaction was not authorized,JPMORGAN CHASE & CO.,NV,89147,,Web,,Closed with explanation,Yes,False
18398362,2026-01-01T00:00:52.000Z,2026-01-01T00:11:00.000Z,Credit card,General-purpose credit card or charge card,Problem with a purchase shown on your statement,Credit card company isn't resolving a dispute about a purchase on your statement,Google Compare Credit Cards Inc.,AR,72116,,Web,Company has responded to the consumer and the CFPB and chooses not to provide a public response,Closed with explanation,Yes,True
18398338,2026-01-01T00:00:20.000Z,2026-01-01T00:08:54.000Z,Student loan,Federal student loan servicing,Incorrect information on your report,Account information incorrect,"Nelnet, Inc.",PA,17325,,Web,,Closed with explanation,Yes,True
18398326,2026-01-01T00:00:15.000Z,2026-01-01T00:06:49.000Z,Credit card,General-purpose credit card or charge card,Getting a credit card,Card opened without my consent or knowledge,Experian Information Solutions Inc.,IL,60804,,Web,Company has responded to the consumer and the CFPB and chooses not to provide a public response,Closed with explanation,Yes,False
18398334,2025-12-31T23:58:31.000Z,2026-01-01T00:07:55.000Z,Checking or savings account,Checking account,Managing an account,Problem using a debit or ATM card,Chime Financial Inc,MD,210XX,,Web,,Closed with explanation,Yes,True
18398387,2025-12-31T23:57:28.000Z,2026-01-01T00:14:42.000Z,Credit card,Store credit card,Problem when making payments,Problem during payment process,"CITIBANK, N.A.",CA,95210,,Web,Company has responded to the consumer and the CFPB and chooses not to provide a public response,Closed with non-monetary relief,Yes,True
18398381,2025-12-31T23:56:35.000Z,2026-01-01T00:13:56.000Z,Vehicle loan or lease,Loan,Problems at the end of the loan or lease,Problem while selling or giving up the vehicle,"Exeter Finance, LLC.",PA,18504,,Web,,Closed with explanation,Yes,False
18398405,2025-12-31T23:56:11.000Z,2026-01-01T00:18:22.000Z,Mortgage,Conventional home mortgage,Trouble during payment process,"Escrow, taxes, or insurance",Selene Holdings LLC,NY,10302,,Web,,Closed with explanation,Yes,False
18398289,2025-12-31T23:55:17.000Z,2026-01-01T00:02:07.000Z,Checking or savings account,Checking account,Problem with a lender or other company charging your account,Transaction was not authorized,JPMORGAN CHASE & CO.,NV,89147,,Web,,Closed with explanation,Yes,False
18398339,2025-12-31T23:54:27.000Z,2026-01-01T00:09:12.000Z,Credit card,General-purpose credit card or charge card,"Advertising and marketing, including promotional offers",Didn't receive advertised or promotional terms,U.S. BANCORP,AZ,85635,Older American,Web,Company has responded to the consumer and the CFPB and chooses not to provide a public response,Closed with non-monetary relief,Yes,True
18398294,2025-12-31T23:52:55.000Z,2026-01-01T00:03:17.000Z,"Payday loan, title loan, personal loan, or advance loan",Payday loan,Can't contact lender or servicer,,Creditly Corp.,NJ,XXXXX,,Web,,Closed with monetary relief,Yes,False
18398440,2025-12-31T23:52:42.000Z,2026-02-19T13:35:37.000Z,Student loan,Private student loan,Issue where my lender is my school,"Cannot graduate, receive diploma, or get transcript due to money owed",Servicer under contract with Federal Student Aid,GA,30058,,Web,,Untimely response,No,True
18398403,2025-12-31T23:51:33.000Z,2026-01-13T12:50:21.000Z,"Payday loan, title loan, personal loan, or advance loan",Installment loan,Struggling to pay your loan,,Zip Co US Inc.,OH,44446,,Web,,Closed with explanation,Yes,False
18398290,2025-12-31T23:51:13.000Z,2026-01-01T00:02:35.000Z,Vehicle loan or lease,Lease,Problems at the end of the loan or lease,Problem with paying off the loan,AMERICAN HONDA FINANCE CORP,NC,27105,,Web,,Closed with explanation,Yes,True
18398216,2025-12-31T23:49:39.000Z,2025-12-31T23:53:26.000Z,Checking or savings account,Checking account,Managing an account,Problem using a debit or ATM card,JPMORGAN CHASE & CO.,TX,76244,,Web,,Closed with explanation,Yes,False
18398384,2025-12-31T23:46:36.000Z,2026-01-01T00:14:31.000Z,Checking or savings account,Checking account,Problem with a lender or other company charging your account,Money was taken from your account on the wrong day or for the wrong amount,JPMORGAN CHASE & CO.,CA,95843,,Web,,Closed with explanation,Yes,True
18398363,2025-12-31T23:45:48.000Z,2026-01-01T00:11:15.000Z,Credit card,General-purpose credit card or charge card,Problem with a purchase shown on your statement,Credit card company isn't resolving a dispute about a purchase on your statement,WELLS FARGO & COMPANY,CA,94404,,Web,Company has responded to the consumer and the CFPB and chooses not to provide a public response,Closed with explanation,Yes,False
18398391,2025-12-31T23:42:27.000Z,2026-01-20T20:26:16.000Z,Mortgage,Conventional home mortgage,Trouble during payment process,Trying to communicate with the company to fix an issue while managing or servicing your loan,Selene Holdings LLC,NC,27616,Older American,Web,,Closed with explanation,Yes,True
18398350,2025-12-31T23:41:48.000Z,2026-01-01T00:09:51.000Z,"Payday loan, title loan, personal loan, or advance loan",Installment loan,Problem when making payments,,"UPGRADE, INC.",TX,76052,,Web,,Closed with explanation,Yes,False
18398361,2025-12-31T23:41:03.000Z,2026-01-01T00:10:44.000Z,Checking or savings account,Checking account,Problem with a lender or other company charging your account,Transaction was not authorized,WELLS FARGO & COMPANY,CA,94538,,Web,Company has responded to the consumer and the CFPB and chooses not to provide a public response,Closed with explanation,Yes,True
18398208,2025-12-31T23:38:13.000Z,2025-12-31T23:52:30.000Z,Mortgage,Home equity loan or line of credit (HELOC),Trouble during payment process,Payment process,"HUNTINGTON NATIONAL BANK, THE",OH,44136,Servicemember,Web,,Closed with explanation,Yes,False
18398411,2025-12-31T23:38:02.000Z,2026-01-01T00:19:06.000Z,Checking or savings account,Checking account,Problem with a lender or other company charging your account,Transaction was not authorized,PNC Bank N.A.,MD,20646,,Web,,Closed with explanation,Yes,False
18398443,2025-12-31T23:37:56.000Z,2026-01-01T00:22:28.000Z,Mortgage,Conventional home mortgage,Struggling to pay mortgage,Foreclosure,Ocwen Financial Corporation,FL,33161,,Web,Company has responded to the consumer and the CFPB and chooses not to provide a public response,Closed with explanation,Yes,True
18398237,2025-12-31T23:36:52.000Z,2025-12-31T23:54:39.000Z,Vehicle loan or lease,Loan,Managing the loan or lease,Billing problem,TOYOTA MOTOR CREDIT CORPORATION,TX,78244,,Web,,Closed with monetary relief,Yes,True
18398224,2025-12-31T23:35:36.000Z,2025-12-31T23:54:01.000Z,Credit card,Store credit card,"Other features, terms, or problems",Add-on products and services,SYNCHRONY FINANCIAL,PR,00987,,Web,Company has responded to the consumer and the CFPB and chooses not to provide a public response,Closed with non-monetary relief,Yes,True
18398268,2025-12-31T23:34:31.000Z,2025-12-31T23:59:16.000Z,Credit card,General-purpose credit card or charge card,Getting a credit card,Card opened without my consent or knowledge,"EQUIFAX, INC.",IL,60804,,Web,,Closed with explanation,Yes,False
18398141,2025-12-31T23:34:28.000Z,2025-12-31T23:42:59.000Z,Credit card,General-purpose credit card or charge card,Problem with a purchase shown on your statement,Credit card company isn't resolving a dispute about a purchase on your statement,JPMORGAN CHASE & CO.,AZ,856XX,Servicemember,Web,,Closed with explanation,Yes,True
18398451,2025-12-31T23:33:31.000Z,2026-01-01T00:22:59.000Z,Mortgage,USDA mortgage,Struggling to pay mortgage,"Trying to communicate with the company to fix an issue related to modification, forbearance, short sale, deed-in-lieu, bankruptcy, or foreclosure",M&T BANK CORPORATION,NE,691XX,,Web,Company has responded to the consumer and the CFPB and chooses not to provide a public response,Closed with explanation,Yes,True
18398147,2025-12-31T23:32:28.000Z,2025-12-31T23:44:32.000Z,Checking or savings account,Checking account,Managing an account,Banking errors,CAPITAL ONE FINANCIAL CORPORATION,GA,31210,Older American,Web,,Closed with explanation,Yes,True
18398176,2025-12-31T23:30:59.000Z,2025-12-31T23:47:15.000Z,Credit card,General-purpose credit card or charge card,Getting a credit card,Card opened without my consent or knowledge,"CITIBANK, N.A.",IL,606XX,,Web,Company has responded to the consumer and the CFPB and chooses not to provide a public response,Closed with explanation,Yes,True
18398364,2025-12-31T23:28:22.000Z,2026-01-01T00:11:20.000Z,Student loan,Federal student loan servicing,Dealing with your lender or servicer,Received bad information about your loan,"Nelnet, Inc.",CA,90212,,Web,,Closed with explanation,Yes,False
18398087,2025-12-31T23:27:00.000Z,2025-12-31T23:35:07.000Z,Checking or savings account,Checking account,Managing an account,Problem using a debit or ATM card,"Paypal Holdings, Inc",CA,92104,,Web,,Closed with explanation,Yes,False
18398122,2025-12-31T23:26:57.000Z,2025-12-31T23:39:49.000Z,Credit card,General-purpose credit card or charge card,Getting a credit card,Application denied,U.S. BANCORP,TX,77066,,Web,Company has responded to the consumer and the CFPB and chooses not to provide a public response,Closed with non-monetary relief,Yes,True
18398025,2025-12-31T23:24:20.000Z,2025-12-31T23:27:40.000Z,Checking or savings account,Checking account,Managing an account,Problem using a debit or ATM card,"Block, Inc.",CA,90005,,Web,,Closed with explanation,Yes,True
18398072,2025-12-31T23:21:50.000Z,2025-12-31T23:33:44.000Z,Mortgage,FHA mortgage,Applying for a mortgage or refinancing an existing mortgage,Delays in the application process,"AZ LENDING EXPERTS, LLC",AZ,85009,,Web,,Untimely response,No,True
18398003,2025-12-31T23:19:53.000Z,2025-12-31T23:23:51.000Z,Credit card,General-purpose credit card or charge card,Getting a credit card,Card opened without my consent or knowledge,"EQUIFAX, INC.",OK,73112,,Web,,Closed with non-monetary relief,Yes,False
18398165,2025-12-31T23:19:39.000Z,2025-12-31T23:45:56.000Z,Checking or savings account,Checking account,Managing an account,Deposits and withdrawals,WELLS FARGO & COMPANY,NC,27006,,Web,Company has responded to the consumer and the CFPB and chooses not to provide a public response,Closed with monetary relief,Yes,False
18398004,2025-12-31T23:18:41.000Z,2025-12-31T23:23:53.000Z,Prepaid card,General-purpose prepaid card,Trouble using the card,Trouble using the card to spend money in a store or online,Incomm Holdings Inc.,MD,208XX,,Web,,Closed with explanation,Yes,True
18398026,2025-12-31T23:18:14.000Z,2025-12-31T23:27:47.000Z,Vehicle loan or lease,Loan,Incorrect information on your report,Account status incorrect,TD BANK US HOLDING COMPANY,TX,78753,,Web,,Closed with non-monetary relief,Yes,True
18398205,2025-12-31T23:17:30.000Z,2025-12-31T23:52:18.000Z,Credit card,Store credit card,Fees or interest,Charged too much interest,SYNCHRONY FINANCIAL,CA,XXXXX,,Web,Company has responded to the consumer and the CFPB and chooses not to provide a public response,Closed with explanation,Yes,True
18398023,2025-12-31T23:16:45.000Z,2025-12-31T23:27:12.000Z,Checking or savings account,Other banking product or service,Managing an account,Problem making or receiving payments,CAPITAL ONE FINANCIAL CORPORATION,PA,19050,Servicemember,Web,,Closed with explanation,Yes,True
18397985,2025-12-31T23:09:55.000Z,2025-12-31T23:20:46.000Z,Credit card,General-purpose credit card or charge card,Closing your account,Company closed your account,BARCLAYS BANK DELAWARE,FL,33317,,Web,Company has responded to the consumer and the CFPB and chooses not to provide a public response,Closed with explanation,Yes,True
18397960,2025-12-31T23:08:07.000Z,2025-12-31T23:15:18.000Z,Checking or savings account,Checking account,Managing an account,Problem making or receiving payments,"Block, Inc.",AL,350XX,,Web,,Closed with explanation,Yes,True
18398120,2025-12-31T22:59:39.000Z,2025-12-31T23:39:19.000Z,Checking or savings account,Other banking product or service,Managing an account,Banking errors,Chime Financial Inc,VA,22191,,Web,,Closed with explanation,Yes,True
18397949,2025-12-31T22:59:25.000Z,2025-12-31T23:13:12.000Z,Checking or savings account,Checking account,Managing an account,Problem making or receiving payments,"CHARLES SCHWAB CORPORATION, THE",FL,33813,,Web,,Closed with explanation,Yes,True
18398291,2025-12-31T22:58:42.000Z,2026-01-01T00:02:49.000Z,Credit card,General-purpose credit card or charge card,Problem with a purchase shown on your statement,Credit card company isn't resolving a dispute about a purchase on your statement,"BANK OF AMERICA, NATIONAL ASSOCIATION",CA,913XX,,Web,Company has responded to the consumer and the CFPB and chooses not to provide a public response,Closed with explanation,Yes,True
18397864,2025-12-31T22:52:40.000Z,2026-01-08T15:38:09.000Z,Checking or savings account,Checking account,Managing an account,Problem accessing account,Experian Information Solutions Inc.,CA,92395,,Web,Company has responded to the consumer and the CFPB and chooses not to provide a public response,Closed with explanation,Yes,True
18397860,2025-12-31T22:49:01.000Z,2025-12-31T22:58:01.000Z,Credit card,Store credit card,Closing your account,Can't close your account,WELLS FARGO & COMPANY,IL,60532,,Web,Company has responded to the consumer and the CFPB and chooses not to provide a public response,Closed with non-monetary relief,Yes,True
18398320,2025-12-31T22:48:25.000Z,2026-01-01T00:05:37.000Z,Credit card,Store credit card,"Advertising and marketing, including promotional offers",Confusing or misleading advertising about the credit card,SYNCHRONY FINANCIAL,PA,190XX,,Web,Company has responded to the consumer and the CFPB and chooses not to provide a public response,Closed with explanation,Yes,True
18397983,2025-12-31T22:44:23.000Z,2025-12-31T23:20:21.000Z,Mortgage,VA mortgage,Incorrect information on your report,Account status incorrect,Freedom Mortgage Company,AP,96607,Servicemember,Web,,Closed with explanation,Yes,False
18398029,2025-12-31T22:43:16.000Z,2025-12-31T23:27:59.000Z,Credit card,General-purpose credit card or charge card,Fees or interest,Charged too much interest,"CITIBANK, N.A.",MI,48021,,Web,Company has responded to the consumer and the CFPB and chooses not to provide a public response,Closed with explanation,Yes,True
18397806,2025-12-31T22:43:01.000Z,2025-12-31T22:49:49.000Z,Checking or savings account,Checking account,Managing an account,Deposits and withdrawals,CAPITAL ONE FINANCIAL CORPORATION,FL,33312,,Web,,Closed with explanation,Yes,False
18397869,2025-12-31T22:40:41.000Z,2026-01-20T21:38:35.000Z,Mortgage,VA mortgage,Struggling to pay mortgage,"An existing modification, forbearance plan, short sale, or other loss mitigation relief","PLANET HOME LENDING, LLC",FL,32526,Servicemember,Web,,Closed with explanation,Yes,True
18397802,2025-12-31T22:39:13.000Z,2025-12-31T22:49:17.000Z,Checking or savings account,Checking account,Managing an account,Problem using a debit or ATM card,JPMORGAN CHASE & CO.,WV,25801,,Postal mail,,Closed with explanation,Yes,False
18397846,2025-12-31T22:39:12.000Z,2025-12-31T22:55:56.000Z,Credit card,General-purpose credit card or charge card,"Advertising and marketing, including promotional offers",Didn't receive advertised or promotional terms,JPMORGAN CHASE & CO.,WA,98117,,Web,,Closed with monetary relief,Yes,False
18397798,2025-12-31T22:34:31.000Z,2025-12-31T22:48:16.000Z,Credit card,General-purpose credit card or charge card,Getting a credit card,Card opened without my consent or knowledge,CAPITAL ONE FINANCIAL CORPORATION,CA,90245,,Web,,Closed with non-monetary relief,Yes,False
18397780,2025-12-31T22:31:56.000Z,2025-12-31T22:46:19.000Z,Mortgage,VA mortgage,Applying for a mortgage or refinancing an existing mortgage,Trying to communicate with the company to fix an issue with the application process,Ocwen Financial Corporation,MT,59602,Servicemember,Web,,Closed with explanation,Yes,True
18397758,2025-12-31T22:31:52.000Z,2025-12-31T22:43:11.000Z,Checking or savings account,Checking account,Managing an account,Problem using a debit or ATM card,"BANK OF AMERICA, NATIONAL ASSOCIATION",FL,32003,,Phone,Company has responded to the consumer and the CFPB and chooses not to provide a public response,Closed with monetary relief,Yes,False
18421415,2025-12-31T22:31:39.000Z,2026-02-19T15:08:57.000Z,Credit card,General-purpose credit card or charge card,Problem with a company's investigation into an existing problem,Their investigation did not fix an error on your report,"CITIZENS FINANCIAL GROUP, INC.",CA,91355,,Referral,,Closed with explanation,Yes,False
18397818,2025-12-31T22:31:29.000Z,2025-12-31T22:51:09.000Z,Credit card,General-purpose credit card or charge card,Problem with a purchase shown on your statement,Credit card company isn't resolving a dispute about a purchase on your statement,Fidem Baltimore Holdings LLC,MO,63401,,Web,,Closed with explanation,Yes,True
18397762,2025-12-31T22:30:54.000Z,2025-12-31T22:44:21.000Z,Checking or savings account,Checking account,Problem with a lender or other company charging your account,Transaction was not authorized,"Credit Karma, LLC",CA,95210,,Web,,Closed with monetary relief,Yes,True
18397756,2025-12-31T22:29:50.000Z,2025-12-31T22:43:00.000Z,Credit card,General-purpose credit card or charge card,Problem with a purchase shown on your statement,Credit card company isn't resolving a dispute about a purchase on your statement,AMERICAN EXPRESS COMPANY,CA,92104,,Web,,Closed with monetary relief,Yes,True
18397737,2025-12-31T22:28:57.000Z,2025-12-31T22:40:59.000Z,Checking or savings account,Checking account,Opening an account,Confusing or missing disclosures,JPMORGAN CHASE & CO.,OH,44125,,Web,,Closed with explanation,Yes,True
18397746,2025-12-31T22:28:40.000Z,2025-12-31T22:42:00.000Z,Mortgage,VA mortgage,Struggling to pay mortgage,"Applying for or obtaining a modification, forbearance plan, short sale, or deed-in-lieu","CARRINGTON MORTGAGE SERVICES, LLC",CA,92592,Servicemember,Web,,Closed with explanation,Yes,True
18397706,2025-12-31T22:28:23.000Z,2025-12-31T22:35:22.000Z,"Payday loan, title loan, personal loan, or advance loan",Installment loan,Problem when making payments,,"Paypal Holdings, Inc",UT,84119,,Web,,Closed with monetary relief,Yes,True
18397808,2025-12-31T22:28:07.000Z,2025-12-31T22:49:57.000Z,Credit card,General-purpose credit card or charge card,"Other features, terms, or problems",Other problem,ROBINHOOD MARKETS INC.,CA,92252,,Web,,Closed with explanation,Yes,False
18397738,2025-12-31T22:27:36.000Z,2025-12-31T22:41:06.000Z,Mortgage,Conventional home mortgage,Applying for a mortgage or refinancing an existing mortgage,Delays in the application process,"United Shore Financial Services, LLC",CA,92028,,Web,,Closed with explanation,Yes,True
18397681,2025-12-31T22:27:28.000Z,2025-12-31T22:32:43.000Z,Student loan,Federal student loan servicing,Struggling to repay your loan,"Problem with forgiveness, cancellation, or discharge",Servicer under contract with Federal Student Aid,NC,27105,,Web,,Untimely response,No,True
18397939,2025-12-31T22:22:29.000Z,2025-12-31T23:11:11.000Z,Credit card,General-purpose credit card or charge card,Incorrect information on your report,Account information incorrect,DISCOVER BANK,CO,80021,,Web,,Closed with explanation,Yes,False
18397637,2025-12-31T22:19:15.000Z,2025-12-31T22:27:07.000Z,"Payday loan, title loan, personal loan, or advance loan",Personal line of credit,Problem with the payoff process at the end of the loan,,DISCOVER BANK,NY,11230,,Web,,Closed with explanation,Yes,True
18397645,2025-12-31T22:18:32.000Z,2025-12-31T22:28:02.000Z,Checking or savings account,Checking account,Managing an account,Problem making or receiving payments,CAPITAL ONE FINANCIAL CORPORATION,CA,95695,,Web,,Closed with explanation,Yes,False
18397583,2025-12-31T22:18:13.000Z,2025-12-31T22:21:31.000Z,Checking or savings account,Checking account,Opening an account,Unable to open an account,WELLS FARGO & COMPANY,VA,23229,Servicemember,Web,Company has responded to the consumer and the CFPB and chooses not to provide a public response,Closed with explanation,Yes,False
18398188,2025-12-31T22:17:40.000Z,2025-12-31T23:48:54.000Z,Checking or savings account,Checking account,Managing an account,Deposits and withdrawals,NAVY FEDERAL CREDIT UNION,TX,77573,,Web,Company believes it acted appropriately as authorized by contract or law,Closed with explanation,Yes,False
18397606,2025-12-31T22:17:35.000Z,2025-12-31T22:23:15.000Z,Credit card,General-purpose credit card or charge card,Problem with a company's investigation into an existing problem,Was not notified of investigation status or results,GOLDMAN SACHS BANK USA,IL,60638,,Web,,Closed with explanation,Yes,True
18397627,2025-12-31T22:17:26.000Z,2025-12-31T22:26:06.000Z,Prepaid card,General-purpose prepaid card,Trouble using the card,Trouble using the card to send money to another person,"Paypal Holdings, Inc",IL,61455,,Web,,Closed with explanation,Yes,True
18397579,2025-12-31T22:17:22.000Z,2025-12-31T22:20:57.000Z,Credit card,General-purpose credit card or charge card,Incorrect information on your report,Account status incorrect,SYNCHRONY FINANCIAL,NJ,07208,,Web,Company has responded to the consumer and the CFPB and chooses not to provide a public response,Closed with explanation,Yes,False
18420737,2025-12-31T22:14:35.000Z,2026-01-02T15:35:20.000Z,Credit card,General-purpose credit card or charge card,Problem when making payments,Problem during payment process,BARCLAYS BANK DELAWARE,CA,95129,,Referral,Company has responded to the consumer and the CFPB and chooses not to provide a public response,Closed with explanation,Yes,False
18397926,2025-12-31T22:13:42.000Z,2025-12-31T23:08:50.000Z,Student loan,Federal student loan servicing,Dealing with your lender or servicer,Received bad information about your loan,"Nelnet, Inc.",KS,670XX,,Web,,Closed with explanation,Yes,True
18397690,2025-12-31T22:11:44.000Z,2025-12-31T22:33:44.000Z,Vehicle loan or lease,Loan,Managing the loan or lease,Problem with additional products or services purchased with the loan,"King of Credit Financial, Inc",CA,92394,,Web,Company can't verify or dispute the facts in the complaint,Closed with explanation,No,True
18397668,2025-12-31T22:11:08.000Z,2025-12-31T22:31:19.000Z,Checking or savings account,Checking account,Problem with a lender or other company charging your account,Transaction was not authorized,WELLS FARGO & COMPANY,CA,95687,"Older American, Servicemember",Web,Company has responded to the consumer and the CFPB and chooses not to provide a public response,Closed with monetary relief,Yes,True
18397559,2025-12-31T22:10:41.000Z,2025-12-31T22:19:11.000Z,Credit card,General-purpose credit card or charge card,Trouble using your card,Can't use card to make purchases,"CITIBANK, N.A.",TX,79705,,Web,Company has responded to the consumer and the CFPB and chooses not to provide a public response,Closed with explanation,Yes,True
18397571,2025-12-31T22:09:10.000Z,2025-12-31T22:20:50.000Z,Checking or savings account,Checking account,Managing an account,Problem making or receiving payments,CAPITAL ONE FINANCIAL CORPORATION,TX,75154,Servicemember,Web,,Closed with explanation,Yes,True
18398128,2025-12-31T22:07:56.000Z,2025-12-31T23:40:45.000Z,Credit card,General-purpose credit card or charge card,Getting a credit card,Card opened without my consent or knowledge,TD BANK US HOLDING COMPANY,NJ,08873,,Web,,Closed with explanation,Yes,True
18420084,2025-12-31T22:07:12.000Z,2026-01-02T15:01:14.000Z,Mortgage,Conventional home mortgage,Trouble during payment process,Payment process,WELLS FARGO & COMPANY,FL,33980,,Referral,Company has responded to the consumer and the CFPB and chooses not to provide a public response,Closed with explanation,Yes,False
18397805,2025-12-31T22:04:49.000Z,2025-12-31T22:49:45.000Z,Student loan,Federal student loan servicing,Dealing with your lender or servicer,Trouble with how payments are being handled,MOHELA,OK,74354,,Web,,Untimely response,No,False
18397521,2025-12-31T22:04:44.000Z,2025-12-31T22:15:03.000Z,Credit card,General-purpose credit card or charge card,Closing your account,Company closed your account,CAPITAL ONE FINANCIAL CORPORATION,NY,142XX,,Web,,Closed with explanation,Yes,True
18397526,2025-12-31T22:04:39.000Z,2025-12-31T22:16:07.000Z,Prepaid card,General-purpose prepaid card,Problem getting a card or closing an account,"Trouble getting, activating, or registering a card","Block, Inc.",SC,29621,,Web,,Closed with explanation,Yes,False
18397550,2025-12-31T22:04:35.000Z,2025-12-31T22:17:51.000Z,Credit card,General-purpose credit card or charge card,Problem when making payments,Problem during payment process,CAPITAL ONE FINANCIAL CORPORATION,FL,34114,,Web,,Closed with explanation,Yes,False
18397713,2025-12-31T22:03:48.000Z,2025-12-31T22:37:11.000Z,Credit card,General-purpose credit card or charge card,Problem with a purchase shown on your statement,Credit card company isn't resolving a dispute about a purchase on your statement,FIRST NATIONAL BANK OF OMAHA,PA,18020,,Web,,Closed with explanation,Yes,True
18397622,2025-12-31T22:03:22.000Z,2025-12-31T22:25:42.000Z,Mortgage,VA mortgage,Trouble during payment process,Payment process,NAVY FEDERAL CREDIT UNION,KY,XXXXX,Servicemember,Web,Company believes it acted appropriately as authorized by contract or law,Closed with explanation,Yes,True
18397519,2025-12-31T22:02:53.000Z,2025-12-31T22:14:54.000Z,Credit card,General-purpose credit card or charge card,"Advertising and marketing, including promotional offers",Didn't receive advertised or promotional terms,GOLDMAN SACHS BANK USA,AL,35758,,Web,,Closed with explanation,Yes,True
18397581,2025-12-31T22:00:51.000Z,2025-12-31T22:20:59.000Z,Mortgage,VA mortgage,Struggling to pay mortgage,"An existing modification, forbearance plan, short sale, or other loss mitigation relief","CARRINGTON MORTGAGE SERVICES, LLC",NV,891XX,Servicemember,Web,,Closed with explanation,Yes,True
18397481,2025-12-31T22:00:42.000Z,2025-12-31T22:11:01.000Z,Credit card,General-purpose credit card or charge card,"Other features, terms, or problems",Other problem,"BANK OF AMERICA, NATIONAL ASSOCIATION",FL,327XX,,Web,Company has responded to the consumer and the CFPB and chooses not to provide a public response,Closed with explanation,Yes,True
18397513,2025-12-31T22:00:10.000Z,2026-02-20T13:59:36.000Z,Credit card,General-purpose credit card or charge card,Problem with a purchase shown on your statement,Credit card company isn't resolving a dispute about a purchase on your statement,JPMORGAN CHASE & CO.,CA,90047,,Web,,Closed with explanation,Yes,False
18397588,2025-12-31T22:00:07.000Z,2025-12-31T22:21:46.000Z,"Payday loan, title loan, personal loan, or advance loan",Personal line of credit,Problem with additional add-on products or services,,"UPGRADE, INC.",WA,98391,,Web,,Closed with explanation,Yes,True
18397649,2025-12-31T22:00:05.000Z,2026-01-13T12:48:52.000Z,Credit card,General-purpose credit card or charge card,Fees or interest,Problem with fees,WELLS FARGO & COMPANY,NJ,07083,,Web,Company has responded to the consumer and the CFPB and chooses not to provide a public response,Closed with explanation,Yes,True
18397903,2025-12-31T21:59:35.000Z,2025-12-31T23:03:51.000Z,Checking or savings account,Checking account,Problem with a lender or other company charging your account,Transaction was not authorized,JPMORGAN CHASE & CO.,IL,60607,,Web,,Closed with explanation,Yes,True
18397590,2025-12-31T21:59:18.000Z,2025-12-31T22:21:57.000Z,Credit card,General-purpose credit card or charge card,Getting a credit card,Application denied,BARCLAYS BANK DELAWARE,TX,77066,,Web,Company has responded to the consumer and the CFPB and chooses not to provide a public response,Closed with explanation,Yes,True
18397646,2025-12-31T21:57:39.000Z,2025-12-31T22:28:05.000Z,Checking or savings account,Checking account,Managing an account,Problem using a debit or ATM card,"Block, Inc.",MA,01605,,Web,,Closed with explanation,Yes,True
18397406,2025-12-31T21:56:32.000Z,2025-12-31T22:02:27.000Z,Mortgage,FHA mortgage,Trouble during payment process,Fees charged,MIDFIRST BANK,IA,50023,,Web,Company has responded to the consumer and the CFPB and chooses not to provide a public response,Closed with explanation,Yes,True
18397457,2025-12-31T21:56:16.000Z,2025-12-31T22:08:42.000Z,Student loan,Private student loan,Issue with income share agreement,Dealing with provider of income share agreement,"Nelnet, Inc.",CA,92103,,Web,,Closed with explanation,Yes,True
18397478,2025-12-31T21:55:51.000Z,2025-12-31T22:10:49.000Z,Checking or savings account,Checking account,Problem with a lender or other company charging your account,Transaction was not authorized,CAPITAL ONE FINANCIAL CORPORATION,MI,492XX,Servicemember,Web,,Closed with explanation,Yes,True
18397369,2025-12-31T21:52:53.000Z,2025-12-31T21:57:48.000Z,Checking or savings account,Checking account,Managing an account,Deposits and withdrawals,CAPITAL ONE FINANCIAL CORPORATION,LA,714XX,,Web,,Closed with explanation,Yes,True
18397391,2025-12-31T21:52:02.000Z,2025-12-31T22:00:48.000Z,Credit card,General-purpose credit card or charge card,Struggling to pay your bill,Credit card company won't work with you while you're going through financial hardship,NAVY FEDERAL CREDIT UNION,NJ,08638,,Web,Company believes it acted appropriately as authorized by contract or law,Closed with explanation,Yes,False
18397385,2025-12-31T21:51:37.000Z,2025-12-31T21:59:54.000Z,Vehicle loan or lease,Lease,Repossession,Company communicating payment assistance or payment extension options,United PanAm Financial Corp.,MO,63125,,Web,,Closed with explanation,Yes,False
18397433,2025-12-31T21:51:30.000Z,2026-02-20T13:48:11.000Z,Prepaid card,Gift card,Trouble using the card,Trouble using the card to spend money in a store or online,Blackhawk Network Holdings Inc.,NE,690XX,Servicemember,Web,,Closed with explanation,Yes,False
18397584,2025-12-31T21:50:09.000Z,2025-12-31T22:21:35.000Z,Checking or savings account,Checking account,Closing an account,Funds not received from closed account,"CHARLES SCHWAB CORPORATION, THE",TX,75060,,Web,,Closed with explanation,Yes,True
18397405,2025-12-31T21:49:29.000Z,2025-12-31T22:02:31.000Z,Checking or savings account,Checking account,Problem caused by your funds being low,Late or other fees,U.S. BANCORP,CA,92116,,Web,Company has responded to the consumer and the CFPB and chooses not to provide a public response,Closed with explanation,Yes,True
18397682,2025-12-31T21:48:18.000Z,2025-12-31T22:32:48.000Z,Checking or savings account,Checking account,Problem caused by your funds being low,Bounced checks or returned payments,Chime Financial Inc,SC,XXXXX,,Web,,Closed with explanation,Yes,True
18397325,2025-12-31T21:47:56.000Z,2025-12-31T21:52:40.000Z,Checking or savings account,Checking account,Managing an account,Banking errors,CAPITAL ONE FINANCIAL CORPORATION,VA,23111,,Web,,Closed with explanation,Yes,False
18397670,2025-12-31T21:47:13.000Z,2025-12-31T22:31:44.000Z,Credit card,Store credit card,"Advertising and marketing, including promotional offers",Didn't receive advertised or promotional terms,"Bread Financial Holdings, Inc.",NY,10952,,Phone,,Closed with monetary relief,Yes,False
18397500,2025-12-31T21:46:44.000Z,2025-12-31T22:12:56.000Z,"Payday loan, title loan, personal loan, or advance loan",Payday loan,Struggling to pay your loan,,"Advance America, Cash Advance Centers, Inc.",SC,291XX,Older American,Web,,Closed with explanation,Yes,False
18397446,2025-12-31T21:46:20.000Z,2025-12-31T22:07:18.000Z,Credit card,General-purpose credit card or charge card,Fees or interest,Unexpected increase in interest rate,SYNCHRONY FINANCIAL,PA,193XX,,Web,Company has responded to the consumer and the CFPB and chooses not to provide a public response,Closed with explanation,Yes,True
18397484,2025-12-31T21:46:19.000Z,2025-12-31T22:11:07.000Z,Credit card,General-purpose credit card or charge card,Fees or interest,Problem with fees,"BANK OF AMERICA, NATIONAL ASSOCIATION",MA,02140,,Web,Company has responded to the consumer and the CFPB and chooses not to provide a public response,Closed with monetary relief,Yes,False
18397304,2025-12-31T21:43:59.000Z,2025-12-31T21:50:36.000Z,Credit card,General-purpose credit card or charge card,Problem with a purchase shown on your statement,Credit card company isn't resolving a dispute about a purchase on your statement,BARCLAYS BANK DELAWARE,NY,10010,,Web,Company has responded to the consumer and the CFPB and chooses not to provide a public response,Closed with explanation,Yes,False
18397356,2025-12-31T21:41:12.000Z,2025-12-31T21:57:03.000Z,"Payday loan, title loan, personal loan, or advance loan",Payday loan,Charged fees or interest you didn't expect,,BlueChip Financial,NM,88310,,Web,Company believes it acted appropriately as authorized by contract or law,Closed with explanation,Yes,True
18397423,2025-12-31T21:40:26.000Z,2025-12-31T22:03:54.000Z,Credit card,General-purpose credit card or charge card,"Other features, terms, or problems",Problem with rewards from credit card,CAPITAL ONE FINANCIAL CORPORATION,MD,21042,Older American,Web,,Closed with explanation,Yes,True
18397523,2025-12-31T21:37:23.000Z,2025-12-31T22:15:18.000Z,Student loan,Federal student loan servicing,Dealing with your lender or servicer,Don't agree with the fees charged,"Maximus Federal Services, Inc.",OR,97217,,Web,,Closed with explanation,Yes,False
18397212,2025-12-31T21:34:09.000Z,2025-12-31T21:40:57.000Z,Checking or savings account,Other banking product or service,Closing an account,Company closed your account,"Paypal Holdings, Inc",NJ,07514,,Web,,Closed with non-monetary relief,Yes,False
18397190,2025-12-31T21:33:28.000Z,2025-12-31T21:39:07.000Z,Checking or savings account,Checking account,Managing an account,Problem using a debit or ATM card,"SOFI TECHNOLOGIES, INC.",OR,97540,,Web,,Closed with explanation,Yes,False
18397234,2025-12-31T21:33:24.000Z,2025-12-31T21:43:54.000Z,Credit card,General-purpose credit card or charge card,"Advertising and marketing, including promotional offers",Didn't receive advertised or promotional terms,CAPITAL ONE FINANCIAL CORPORATION,MO,641XX,,Web,,Closed with explanation,Yes,True
18420436,2025-12-31T21:33:00.000Z,2026-01-02T15:20:15.000Z,Credit card,General-purpose credit card or charge card,Problem with a purchase shown on your statement,Credit card company isn't resolving a dispute about a purchase on your statement,JPMORGAN CHASE & CO.,CA,93036,,Postal mail,,Closed with explanation,Yes,False
18397292,2025-12-31T21:32:41.000Z,2025-12-31T21:49:04.000Z,Checking or savings account,Checking account,Managing an account,Deposits and withdrawals,"CHARLES SCHWAB CORPORATION, THE",KY,402XX,,Web,,Closed with explanation,Yes,True
18397159,2025-12-31T21:32:14.000Z,2025-12-31T21:36:01.000Z,Credit card,General-purpose credit card or charge card,Incorrect information on your report,Information belongs to someone else,FIRST NATIONAL BANK OF OMAHA,PA,19355,,Web,Company has responded to the consumer and the CFPB and chooses not to provide a public response,Closed with non-monetary relief,Yes,True
18397309,2025-12-31T21:31:44.000Z,2025-12-31T21:51:20.000Z,Checking or savings account,Checking account,Opening an account,Unable to open an account,WELLS FARGO & COMPANY,VA,23229,Servicemember,Web,Company has responded to the consumer and the CFPB and chooses not to provide a public response,Closed with explanation,Yes,True
18397439,2025-12-31T21:29:31.000Z,2025-12-31T22:06:23.000Z,"Payday loan, title loan, personal loan, or advance loan",Installment loan,Problem with additional add-on products or services,,CHERRY TECHNOLOGIES INC.,LA,70506,,Web,,Closed with explanation,Yes,False
18397158,2025-12-31T21:28:32.000Z,2025-12-31T21:35:49.000Z,Credit card,Store credit card,Fees or interest,Problem with fees,"Bread Financial Holdings, Inc.",CO,80249,,Web,,Closed with monetary relief,Yes,False
18397139,2025-12-31T21:28:20.000Z,2025-12-31T21:34:21.000Z,"Payday loan, title loan, personal loan, or advance loan",Installment loan,Problem when making payments,,"Affirm Holdings, Inc",TX,75148,,Web,,Closed with explanation,Yes,False
18397334,2025-12-31T21:27:41.000Z,2026-01-12T22:18:58.000Z,Mortgage,Home equity loan or line of credit (HELOC),Trouble during payment process,Fees charged,"Figure Technologies, Inc",IL,60540,,Web,,Closed with explanation,Yes,True
18397118,2025-12-31T21:26:39.000Z,2025-12-31T21:32:04.000Z,"Payday loan, title loan, personal loan, or advance loan",Payday loan,Received a loan you didn't apply for,,"Opportunity Financial, LLC",FL,33511,,Web,,Closed with explanation,Yes,True
18397164,2025-12-31T21:25:42.000Z,2025-12-31T21:36:45.000Z,Checking or savings account,Other banking product or service,Opening an account,Account opened without my consent or knowledge,SYNCHRONY FINANCIAL,VA,23601,,Web,Company has responded to the consumer and the CFPB and chooses not to provide a public response,Closed with explanation,Yes,False
18397088,2025-12-31T21:23:41.000Z,2026-01-09T19:03:28.000Z,Checking or savings account,Other banking product or service,Managing an account,Banking errors,NAVY FEDERAL CREDIT UNION,VA,22101,,Postal mail,Company believes it acted appropriately as authorized by contract or law,Closed with explanation,Yes,False
18397400,2025-12-31T21:22:10.000Z,2025-12-31T22:02:05.000Z,Vehicle loan or lease,Loan,Problems at the end of the loan or lease,Problem with paying off the loan,CREDIT ACCEPTANCE CORPORATION,MN,55404,Older American,Web,Company has responded to the consumer and the CFPB and chooses not to provide a public response,Closed with explanation,Yes,True
18397174,2025-12-31T21:21:02.000Z,2025-12-31T21:38:00.000Z,Checking or savings account,Checking account,Managing an account,Problem using a debit or ATM card,"BANK OF AMERICA, NATIONAL ASSOCIATION",MI,48044,,Web,Company has responded to the consumer and the CFPB and chooses not to provide a public response,Closed with explanation,Yes,False
18397172,2025-12-31T21:19:34.000Z,2025-12-31T21:37:40.000Z,Vehicle loan or lease,Loan,Struggling to pay your loan,Denied request to lower payments,PRONTO FINANCE INC.,IL,60644,,Web,,Closed with explanation,Yes,True
18397181,2025-12-31T21:19:30.000Z,2025-12-31T22:25:02.000Z,Checking or savings account,Checking account,Managing an account,Problem using a debit or ATM card,JPMORGAN CHASE & CO.,NY,11370,,Phone,,Closed with monetary relief,Yes,False
18397180,2025-12-31T21:19:08.000Z,2025-12-31T21:38:39.000Z,Mortgage,FHA mortgage,Problem with a company's investigation into an existing problem,Their investigation did not fix an error on your report,Data Mortgage Inc.,WA,98684,,Web,,Closed with explanation,Yes,False
18397257,2025-12-31T21:17:58.000Z,2025-12-31T21:45:48.000Z,Credit card,General-purpose credit card or charge card,"Other features, terms, or problems",Other problem,"CLGF Holdco 1, LLC",NJ,08861,,Web,,Closed with non-monetary relief,Yes,True
18397020,2025-12-31T21:17:36.000Z,2025-12-31T21:23:15.000Z,Checking or savings account,Checking account,Managing an account,Problem using a debit or ATM card,JPMORGAN CHASE & CO.,CA,93933,,Postal mail,,Closed with explanation,Yes,False
18397618,2025-12-31T21:16:54.000Z,2025-12-31T22:24:51.000Z,Credit card,General-purpose credit card or charge card,Trouble using your card,Can't use card to make purchases,JPMORGAN CHASE & CO.,DC,20009,Older American,Web,,Closed with explanation,Yes,True
18397301,2025-12-31T21:14:46.000Z,2025-12-31T21:49:57.000Z,Credit card,General-purpose credit card or charge card,Problem with a purchase shown on your statement,Credit card company isn't resolving a dispute about a purchase on your statement,"BANK OF AMERICA, NATIONAL ASSOCIATION",NY,11418,,Web,Company has responded to the consumer and the CFPB and chooses not to provide a public response,Closed with monetary relief,Yes,False
18397182,2025-12-31T21:14:34.000Z,2025-12-31T21:38:46.000Z,Credit card,General-purpose credit card or charge card,"Other features, terms, or problems",Problem with customer service,Winklevoss Exchange LLC,WI,546XX,,Web,,Closed with explanation,Yes,True
18397157,2025-12-31T21:14:23.000Z,2025-12-31T21:35:42.000Z,Credit card,General-purpose credit card or charge card,Fees or interest,Problem with fees,JPMORGAN CHASE & CO.,TN,37221,,Web,,Closed with explanation,Yes,True
18396987,2025-12-31T21:13:24.000Z,2025-12-31T21:20:59.000Z,Mortgage,Conventional home mortgage,Closing on a mortgage,Changes in loan terms during or after closing,ALLIANT CREDIT UNION,AZ,85212,,Web,,Closed with explanation,Yes,True
18397071,2025-12-31T21:12:15.000Z,2025-12-31T21:27:48.000Z,Checking or savings account,Checking account,Managing an account,Problem using a debit or ATM card,"SOFI TECHNOLOGIES, INC.",FL,33304,,Postal mail,,Closed with explanation,Yes,False
18397031,2025-12-31T21:11:09.000Z,2025-12-31T21:24:52.000Z,Credit card,General-purpose credit card or charge card,Problem with a purchase shown on your statement,Card was charged for something you did not purchase with the card,"BANK OF AMERICA, NATIONAL ASSOCIATION",FL,32256,,Web,Company has responded to the consumer and the CFPB and chooses not to provide a public response,Closed with monetary relief,Yes,True
18397294,2025-12-31T21:10:56.000Z,2025-12-31T21:49:37.000Z,Student loan,Federal student loan servicing,Dealing with your lender or servicer,Trouble with how payments are being handled,MOHELA,NY,12210,,Web,,Untimely response,No,False
18396980,2025-12-31T21:10:26.000Z,2025-12-31T21:20:28.000Z,Checking or savings account,Checking account,Managing an account,Deposits and withdrawals,CAPITAL ONE FINANCIAL CORPORATION,NY,11225,,Web,,Closed with explanation,Yes,False
18397396,2025-12-31T21:09:53.000Z,2026-01-12T21:45:34.000Z,Student loan,Private student loan,Struggling to repay your loan,Can't get other flexible options for repaying your loan,Ascent Holding Co,GA,30349,,Web,Company believes it acted appropriately as authorized by contract or law,Closed with explanation,Yes,True
18397025,2025-12-31T21:09:33.000Z,2025-12-31T21:24:19.000Z,Credit card,General-purpose credit card or charge card,"Other features, terms, or problems",Problem with rewards from credit card,OneMain Finance Corporation,CO,80249,,Web,,Closed with explanation,Yes,False
18397011,2025-12-31T21:09:32.000Z,2025-12-31T21:22:11.000Z,Prepaid card,General-purpose prepaid card,Trouble using the card,Trouble using the card to spend money in a store or online,AMERICAN EXPRESS COMPANY,CA,94539,,Web,,Closed with explanation,Yes,False
18396934,2025-12-31T21:07:14.000Z,2025-12-31T21:13:47.000Z,Student loan,Private student loan,Credit monitoring or identity theft protection services,Didn't receive services that were advertised,Climb Credit Inc.,CO,80132,,Web,,Closed with explanation,Yes,False
18397084,2025-12-31T21:06:42.000Z,2026-01-02T20:38:55.000Z,Credit card,Store credit card,Problem with a purchase shown on your statement,Credit card company isn't resolving a dispute about a purchase on your statement,SYNCHRONY FINANCIAL,TN,37013,,Phone,Company has responded to the consumer and the CFPB and chooses not to provide a public response,Closed with explanation,Yes,False
18396965,2025-12-31T21:06:09.000Z,2025-12-31T21:17:18.000Z,Credit card,General-purpose credit card or charge card,"Other features, terms, or problems",Other problem,U.S. BANCORP,MN,554XX,,Web,Company has responded to the consumer and the CFPB and chooses not to provide a public response,Closed with explanation,Yes,True
18396903,2025-12-31T21:04:46.000Z,2025-12-31T21:10:26.000Z,Checking or savings account,Checking account,Managing an account,Deposits and withdrawals,MORGAN STANLEY & CO. LLC,FL,XXXXX,,Web,,Closed with explanation,Yes,True
18396996,2025-12-31T21:02:56.000Z,2025-12-31T21:21:17.000Z,Vehicle loan or lease,Loan,Problem with a company's investigation into an existing problem,Was not notified of investigation status or results,HYUNDAI CAPITAL AMERICA,CO,XXXXX,,Web,Company has responded to the consumer and the CFPB and chooses not to provide a public response,Closed with explanation,Yes,True
18419190,2025-12-31T21:01:29.000Z,2026-01-02T13:54:06.000Z,Checking or savings account,Checking account,Problem with a lender or other company charging your account,Transaction was not authorized,WELLS FARGO & COMPANY,CA,92065,,Referral,Company has responded to the consumer and the CFPB and chooses not to provide a public response,Closed with explanation,Yes,False
18396960,2025-12-31T21:01:28.000Z,2025-12-31T21:16:46.000Z,Checking or savings account,Checking account,Problem with a lender or other company charging your account,Transaction was not authorized,JPMORGAN CHASE & CO.,TX,77449,,Web,,Closed with explanation,Yes,False
18397058,2025-12-31T21:01:08.000Z,2025-12-31T21:26:26.000Z,Student loan,Private student loan,Dealing with your lender or servicer,Received bad information about your loan,SLM CORPORATION,MA,019XX,,Web,Company believes it acted appropriately as authorized by contract or law,Closed with explanation,Yes,True
18397043,2025-12-31T21:00:45.000Z,2025-12-31T21:25:18.000Z,Student loan,Federal student loan servicing,Dealing with your lender or servicer,Received bad information about your loan,"Nelnet, Inc.",MI,48212,,Web,,Closed with explanation,Yes,False
18397146,2025-12-31T20:59:58.000Z,2025-12-31T21:34:51.000Z,Credit card,General-purpose credit card or charge card,Trouble using your card,Credit card company won't increase or decrease your credit limit,CAPITAL ONE FINANCIAL CORPORATION,CA,93436,,Postal mail,,Closed with explanation,Yes,False
18396906,2025-12-31T20:59:22.000Z,2025-12-31T21:10:40.000Z,Credit card,General-purpose credit card or charge card,Problem with a purchase shown on your statement,Credit card company isn't resolving a dispute about a purchase on your statement,BARCLAYS BANK DELAWARE,CA,93933,,Postal mail,Company has responded to the consumer and the CFPB and chooses not to provide a public response,Closed with explanation,Yes,False
18396873,2025-12-31T20:57:57.000Z,2025-12-31T21:07:05.000Z,Checking or savings account,Checking account,Managing an account,Problem using a debit or ATM card,PNC Bank N.A.,MD,20708,,Web,,Closed with explanation,Yes,True
18396895,2025-12-31T20:57:33.000Z,2025-12-31T21:09:34.000Z,Prepaid card,General-purpose prepaid card,Problem with a purchase or transfer,Charged for a purchase or transfer you did not make with the card,AMERICAN EXPRESS COMPANY,MS,386XX,Servicemember,Web,,Closed with explanation,No,True
18396862,2025-12-31T20:56:24.000Z,2025-12-31T21:05:18.000Z,Credit card,General-purpose credit card or charge card,Problem with a company's investigation into an existing problem,Problem with personal statement of dispute,CAPITAL ONE FINANCIAL CORPORATION,DC,20018,,Web,,Closed with explanation,Yes,True
18396847,2025-12-31T20:56:15.000Z,2025-12-31T21:03:47.000Z,"Payday loan, title loan, personal loan, or advance loan",Installment loan,Getting the loan,,TRUIST FINANCIAL CORPORATION,PA,18301,,Web,Company has responded to the consumer and the CFPB and chooses not to provide a public response,Closed with explanation,Yes,False
18396794,2025-12-31T20:54:24.000Z,2025-12-31T20:58:02.000Z,Credit card,General-purpose credit card or charge card,Problem with a purchase shown on your statement,Credit card company isn't resolving a dispute about a purchase on your statement,FIRST NATIONAL BANK OF OMAHA,MN,55912,,Web,,Closed with explanation,Yes,False
18396863,2025-12-31T20:54:18.000Z,2025-12-31T21:05:25.000Z,Checking or savings account,Checking account,Problem with a lender or other company charging your account,Transaction was not authorized,JPMORGAN CHASE & CO.,CA,93933,,Postal mail,,Closed with explanation,Yes,False
18396833,2025-12-31T20:53:01.000Z,2025-12-31T21:01:55.000Z,Checking or savings account,Checking account,Managing an account,Deposits and withdrawals,"Block, Inc.",DE,19973,,Web,,Closed with explanation,Yes,True
18396866,2025-12-31T20:52:58.000Z,2025-12-31T21:05:33.000Z,Checking or savings account,Other banking product or service,Managing an account,Problem accessing account,"Block, Inc.",GA,30121,,Web,,Closed with explanation,Yes,False
18396915,2025-12-31T20:52:42.000Z,2025-12-31T21:11:44.000Z,Credit card,General-purpose credit card or charge card,Getting a credit card,Card opened without my consent or knowledge,ENCORE CAPITAL GROUP INC.,MO,65536,,Web,,Closed with explanation,Yes,True
18397252,2025-12-31T20:52:39.000Z,2025-12-31T21:45:23.000Z,Mortgage,Conventional home mortgage,Problem with a company's investigation into an existing problem,Their investigation did not fix an error on your report,TRUIST FINANCIAL CORPORATION,WA,98122,,Web,Company has responded to the consumer and the CFPB and chooses not to provide a public response,Closed with explanation,Yes,False
18397355,2025-12-31T20:52:34.000Z,2025-12-31T21:56:15.000Z,Mortgage,Home equity loan or line of credit (HELOC),Trouble during payment process,Loan sold or transferred to another company,"Shellpoint Partners, LLC",FL,335XX,Older American,Web,Company has responded to the consumer and the CFPB and chooses not to provide a public response,Closed with explanation,Yes,True
18396868,2025-12-31T20:51:12.000Z,2025-12-31T21:05:49.000Z,Vehicle loan or lease,Lease,Problems at the end of the loan or lease,"Excess mileage, damage, or wear fees, or other problem after the lease is finished","Tesla, Inc.",CA,91335,,Web,,Closed with explanation,No,True
18397367,2025-12-31T20:50:59.000Z,2025-12-31T21:57:43.000Z,Credit card,General-purpose credit card or charge card,Problem with a purchase shown on your statement,Credit card company isn't resolving a dispute about a purchase on your statement,BARCLAYS BANK DELAWARE,TX,78744,Servicemember,Web,Company has responded to the consumer and the CFPB and chooses not to provide a public response,Closed with explanation,Yes,True
18396871,2025-12-31T20:50:03.000Z,2025-12-31T21:06:17.000Z,Student loan,Federal student loan servicing,Struggling to repay your loan,Problem with your payment plan,MOHELA,MN,55104,,Web,,Untimely response,No,False
18396956,2025-12-31T20:49:31.000Z,2025-12-31T21:16:07.000Z,Checking or savings account,Checking account,Managing an account,Deposits and withdrawals,WELLS FARGO & COMPANY,NC,28677,,Web,Company has responded to the consumer and the CFPB and chooses not to provide a public response,Closed with monetary relief,Yes,True
18396852,2025-12-31T20:46:49.000Z,2025-12-31T21:04:43.000Z,Student loan,Federal student loan servicing,Incorrect information on your report,Account status incorrect,"Maximus Federal Services, Inc.",NV,89138,,Web,,Closed with explanation,Yes,False
18396750,2025-12-31T20:45:57.000Z,2025-12-31T20:55:17.000Z,Checking or savings account,Checking account,Managing an account,Problem using a debit or ATM card,"HILLTOP HOLDINGS, INC",TX,75236,,Web,,Closed with explanation,Yes,False
18396699,2025-12-31T20:44:26.000Z,2025-12-31T20:51:03.000Z,Checking or savings account,Checking account,Problem with a lender or other company charging your account,Transaction was not authorized,JPMORGAN CHASE & CO.,CA,91356,,Web,,Closed with explanation,Yes,True
18396718,2025-12-31T20:44:08.000Z,2025-12-31T20:52:25.000Z,"Payday loan, title loan, personal loan, or advance loan",Installment loan,Struggling to pay your loan,,"GVA Holdings, LLC",NV,89506,,Web,,Closed with explanation,Yes,True
18396734,2025-12-31T20:42:38.000Z,2025-12-31T20:53:31.000Z,Credit card,General-purpose credit card or charge card,"Other features, terms, or problems",Other problem,WELLS FARGO & COMPANY,ME,040XX,,Web,Company has responded to the consumer and the CFPB and chooses not to provide a public response,Closed with non-monetary relief,Yes,True
18396739,2025-12-31T20:42:18.000Z,2025-12-31T20:54:41.000Z,Mortgage,Conventional home mortgage,Incorrect information on your report,Account information incorrect,"Shellpoint Partners, LLC",CT,06902,,Postal mail,Company believes it acted appropriately as authorized by contract or law,Closed with explanation,Yes,False
18396693,2025-12-31T20:40:02.000Z,2025-12-31T20:49:50.000Z,Checking or savings account,Checking account,Problem with a lender or other company charging your account,Transaction was not authorized,Chime Financial Inc,OH,45225,,Web,,Closed with explanation,Yes,False
18396764,2025-12-31T20:39:49.000Z,2025-12-31T20:55:58.000Z,Student loan,Federal student loan servicing,Struggling to repay your loan,Problem with your payment plan,"Nelnet, Inc.",PA,19104,,Web,,Closed with explanation,Yes,True
18396917,2025-12-31T20:38:49.000Z,2025-12-31T21:12:09.000Z,Credit card,General-purpose credit card or charge card,Problem with a purchase shown on your statement,Credit card company isn't resolving a dispute about a purchase on your statement,CAPITAL ONE FINANCIAL CORPORATION,MA,02601,Older American,Web,,Closed with monetary relief,Yes,False
18397072,2025-12-31T20:38:11.000Z,2025-12-31T21:27:43.000Z,Vehicle loan or lease,Loan,Repossession,Account reinstatement or redemption after repossession,Mercedes Benz Financial Services,OH,43219,Servicemember,Web,,Closed with explanation,Yes,True
18396811,2025-12-31T20:38:07.000Z,2025-12-31T20:59:47.000Z,Credit card,Store credit card,Problem with a purchase shown on your statement,Card was charged for something you did not purchase with the card,SYNCHRONY FINANCIAL,TX,75007,,Web,Company has responded to the consumer and the CFPB and chooses not to provide a public response,Closed with explanation,No,True
18396677,2025-12-31T20:35:43.000Z,2025-12-31T20:48:45.000Z,Student loan,Private student loan,Dealing with your lender or servicer,Co-signer,"LendKey Technologies, Inc.",WI,541XX,,Web,,Closed with explanation,Yes,True
18396882,2025-12-31T20:35:31.000Z,2025-12-31T21:07:59.000Z,Checking or savings account,Savings account,Managing an account,Deposits and withdrawals,GOLDMAN SACHS BANK USA,CT,06897,Older American,Web,,Closed with explanation,Yes,False
18396659,2025-12-31T20:34:36.000Z,2025-12-31T20:57:12.000Z,Checking or savings account,Checking account,Managing an account,Deposits and withdrawals,"BANK OF AMERICA, NATIONAL ASSOCIATION",NC,27107,,Phone,Company has responded to the consumer and the CFPB and chooses not to provide a public response,Closed with explanation,Yes,False
18396601,2025-12-31T20:33:55.000Z,2025-12-31T20:41:14.000Z,Mortgage,Conventional home mortgage,Closing on a mortgage,Fees or costs after closing,Ocwen Financial Corporation,WA,98292,,Web,,Closed with explanation,Yes,False
18396546,2025-12-31T20:33:12.000Z,2025-12-31T20:36:28.000Z,Student loan,Private student loan,Improper use of your report,Reporting company used your report improperly,"Nelnet, Inc.",CA,95825,,Web,,Closed with explanation,Yes,True
18396713,2025-12-31T20:33:01.000Z,2025-12-31T20:51:46.000Z,Checking or savings account,Savings account,Managing an account,Problem accessing account,"EVERBANK, NATIONAL ASSOCIATION",PA,XXXXX,,Web,,Closed with explanation,Yes,True
18396641,2025-12-31T20:32:44.000Z,2025-12-31T20:45:50.000Z,Checking or savings account,Checking account,Managing an account,Deposits and withdrawals,JPMORGAN CHASE & CO.,IL,605XX,,Web,,Closed with explanation,Yes,True
18396708,2025-12-31T20:32:03.000Z,2025-12-31T20:51:21.000Z,Checking or savings account,Checking account,Managing an account,Banking errors,WELLS FARGO & COMPANY,FL,33436,,Web,Company has responded to the consumer and the CFPB and chooses not to provide a public response,Closed with explanation,Yes,True
18396910,2025-12-31T20:31:53.000Z,2025-12-31T21:11:36.000Z,Student loan,Federal student loan servicing,Dealing with your lender or servicer,Received bad information about your loan,MOHELA,GA,30088,,Web,,Untimely response,No,False
18396565,2025-12-31T20:31:03.000Z,2025-12-31T20:37:33.000Z,Credit card,General-purpose credit card or charge card,"Other features, terms, or problems",Other problem,Atlanticus Services Corporation,TN,38115,Older American,Postal mail,Company believes it acted appropriately as authorized by contract or law,Closed with monetary relief,Yes,False
18396809,2025-12-31T20:30:51.000Z,2025-12-31T20:59:41.000Z,Mortgage,Conventional home mortgage,Trouble during payment process,"Escrow, taxes, or insurance",M&T BANK CORPORATION,GA,30080,,Web,,Closed with explanation,Yes,False
18396619,2025-12-31T20:29:42.000Z,2026-01-21T14:20:45.000Z,Checking or savings account,Other banking product or service,Managing an account,Problem making or receiving payments,WELLS FARGO & COMPANY,NM,88260,,Postal mail,Company has responded to the consumer and the CFPB and chooses not to provide a public response,Closed with explanation,Yes,False
18396657,2025-12-31T20:28:06.000Z,2025-12-31T20:46:55.000Z,Checking or savings account,Checking account,Managing an account,Deposits and withdrawals,FinCo Services Inc DBA Current,SC,29209,,Web,,Closed with explanation,Yes,True
18396593,2025-12-31T20:26:50.000Z,2025-12-31T20:40:32.000Z,Vehicle loan or lease,Lease,Repossession,Loan balance remaining after the vehicle is repossessed and sold,BANCO POPULAR DE PUERTO RICO,PR,00676,,Web,,Closed with explanation,Yes,True
18396899,2025-12-31T20:26:04.000Z,2025-12-31T21:09:49.000Z,Checking or savings account,Savings account,Managing an account,Deposits and withdrawals,"Block, Inc.",VA,20171,,Web,,Closed with explanation,No,True
18396638,2025-12-31T20:25:39.000Z,2025-12-31T21:06:13.000Z,Checking or savings account,Checking account,Managing an account,Problem using a debit or ATM card,Chime Financial Inc,LA,70777,,Phone,,Closed with explanation,Yes,False
18396479,2025-12-31T20:24:42.000Z,2025-12-31T20:30:20.000Z,Checking or savings account,Checking account,Managing an account,Problem using a debit or ATM card,"SOFI TECHNOLOGIES, INC.",TX,785XX,,Web,,Closed with explanation,Yes,True
18396548,2025-12-31T20:22:23.000Z,2025-12-31T20:36:50.000Z,Credit card,General-purpose credit card or charge card,"Other features, terms, or problems",Problem with rewards from credit card,JPMORGAN CHASE & CO.,NJ,08755,,Web,,Closed with explanation,Yes,True
18396706,2025-12-31T20:21:44.000Z,2025-12-31T20:51:16.000Z,Credit card,General-purpose credit card or charge card,Problem with a company's investigation into an existing problem,Their investigation did not fix an error on your report,SYNCHRONY FINANCIAL,CA,93279,,Web,Company has responded to the consumer and the CFPB and chooses not to provide a public response,Closed with explanation,Yes,False
18396646,2025-12-31T20:20:13.000Z,2025-12-31T20:46:06.000Z,Debt or credit management,Debt settlement,Confusing or missing disclosures,,"FAIR COLLECTIONS & OUTSOURCING, INC.",AR,72204,Servicemember,Web,Company has responded to the consumer and the CFPB and chooses not to provide a public response,Closed with explanation,Yes,True
18396716,2025-12-31T20:18:26.000Z,2025-12-31T20:52:11.000Z,Credit card,General-purpose credit card or charge card,Problem with a purchase shown on your statement,Credit card company isn't resolving a dispute about a purchase on your statement,FIRST NATIONAL BANK OF OMAHA,MN,55912,,Web,,Closed with explanation,Yes,True
18396396,2025-12-31T20:17:37.000Z,2025-12-31T20:22:25.000Z,Checking or savings account,Other banking product or service,Closing an account,Funds not received from closed account,"SOFI TECHNOLOGIES, INC.",MI,494XX,,Web,,Closed with explanation,Yes,True
18396650,2025-12-31T20:17:08.000Z,2025-12-31T20:46:09.000Z,Checking or savings account,Savings account,Problem with a lender or other company charging your account,Transaction was not authorized,"SOFI TECHNOLOGIES, INC.",CA,92344,,Web,,Closed with explanation,Yes,True
18396457,2025-12-31T20:16:36.000Z,2025-12-31T20:29:10.000Z,Mortgage,VA mortgage,Trouble during payment process,Payment process,Freedom Mortgage Company,GA,30296,Servicemember,Web,Company has responded to the consumer and the CFPB and chooses not to provide a public response,Closed with explanation,Yes,True
18396438,2025-12-31T20:16:01.000Z,2025-12-31T20:26:10.000Z,Mortgage,Conventional home mortgage,Trouble during payment process,Trying to communicate with the company to fix an issue while managing or servicing your loan,Freedom Mortgage Company,WA,99205,,Postal mail,,Closed with explanation,Yes,False
18396420,2025-12-31T20:15:58.000Z,2025-12-31T20:25:06.000Z,Credit card,General-purpose credit card or charge card,Getting a credit card,Card opened without my consent or knowledge,CAPITAL ONE FINANCIAL CORPORATION,NC,28792,,Web,,Closed with explanation,Yes,True
18396665,2025-12-31T20:13:34.000Z,2025-12-31T20:47:58.000Z,Checking or savings account,Checking account,Problem with a lender or other company charging your account,Transaction was not authorized,JPMORGAN CHASE & CO.,OH,44121,,Web,,Closed with explanation,Yes,False
18396624,2025-12-31T20:12:42.000Z,2025-12-31T20:44:13.000Z,Mortgage,FHA mortgage,Struggling to pay mortgage,Foreclosure,"Shellpoint Partners, LLC",TX,77083,,Web,Company has responded to the consumer and the CFPB and chooses not to provide a public response,Closed with explanation,Yes,False
18396952,2025-12-31T20:12:30.000Z,2025-12-31T21:15:25.000Z,Credit card,General-purpose credit card or charge card,Problem when making payments,Problem during payment process,"Bread Financial Holdings, Inc.",PR,00927,,Referral,,Closed with explanation,Yes,False
18396372,2025-12-31T20:12:20.000Z,2025-12-31T20:20:56.000Z,Checking or savings account,Checking account,Managing an account,Deposits and withdrawals,CAPITAL ONE FINANCIAL CORPORATION,OH,43212,,Web,,Closed with explanation,Yes,True
18397233,2025-12-31T20:12:11.000Z,2025-12-31T21:43:50.000Z,Mortgage,Conventional home mortgage,Trouble during payment process,"Escrow, taxes, or insurance",Village Capital & Investment LLC,FL,346XX,Servicemember,Web,,Closed with explanation,Yes,False
18396494,2025-12-31T20:11:58.000Z,2025-12-31T20:31:50.000Z,Vehicle loan or lease,Loan,Managing the loan or lease,Loan sold or transferred to another company,TRUIST FINANCIAL CORPORATION,IN,469XX,,Web,Company has responded to the consumer and the CFPB and chooses not to provide a public response,Closed with explanation,Yes,True
18396595,2025-12-31T20:09:47.000Z,2026-01-20T15:03:55.000Z,Checking or savings account,Checking account,Closing an account,Funds not received from closed account,Chime Financial Inc,KS,66607,,Phone,,Closed with explanation,Yes,False
18396365,2025-12-31T20:08:00.000Z,2025-12-31T20:20:18.000Z,Checking or savings account,Checking account,Managing an account,Funds not handled or disbursed as instructed,WELLS FARGO & COMPANY,FL,349XX,,Web,Company has responded to the consumer and the CFPB and chooses not to provide a public response,Closed with explanation,Yes,True
18396255,2025-12-31T20:07:56.000Z,2025-12-31T20:10:50.000Z,Debt or credit management,Credit repair services,Problem with customer service,,"EQUIFAX, INC.",FL,341XX,,Web,,Closed with explanation,Yes,True
18396334,2025-12-31T20:07:33.000Z,2025-12-31T20:18:08.000Z,"Payday loan, title loan, personal loan, or advance loan",Payday loan,Charged fees or interest you didn't expect,,WLCC,WA,98373,,Referral,,Closed with explanation,Yes,False
18396679,2025-12-31T20:07:26.000Z,2025-12-31T20:48:50.000Z,Credit card,Store credit card,"Other features, terms, or problems",Privacy issues,CAPITAL ONE FINANCIAL CORPORATION,MT,59833,,Phone,,Closed with explanation,Yes,False
18396390,2025-12-31T20:05:43.000Z,2026-03-19T11:59:12.000Z,"Payday loan, title loan, personal loan, or advance loan",Payday loan,Charged fees or interest you didn't expect,,Rosebud Economic Development Corporation,WA,98058,,Referral,Company has responded to the consumer and the CFPB and chooses not to provide a public response,Closed with explanation,Yes,False
18396215,2025-12-31T20:03:44.000Z,2025-12-31T20:07:57.000Z,Debt or credit management,Credit repair services,Problem with customer service,,Experian Information Solutions Inc.,FL,341XX,,Web,Company has responded to the consumer and the CFPB and chooses not to provide a public response,Closed with explanation,Yes,True
18396360,2025-12-31T20:03:23.000Z,2025-12-31T20:19:53.000Z,Credit card,General-purpose credit card or charge card,Getting a credit card,Application denied,JPMORGAN CHASE & CO.,NY,11590,,Web,,Closed with explanation,Yes,True
18396411,2025-12-31T20:03:10.000Z,2025-12-31T20:23:47.000Z,Credit card,General-purpose credit card or charge card,Problem with a purchase shown on your statement,Credit card company isn't resolving a dispute about a purchase on your statement,"Bread Financial Holdings, Inc.",NY,11233,,Web,,Closed with explanation,Yes,False
18396292,2025-12-31T20:03:01.000Z,2025-12-31T20:15:03.000Z,Mortgage,Conventional home mortgage,Applying for a mortgage or refinancing an existing mortgage,Changes in loan terms during the application process,"Shellpoint Partners, LLC",PA,XXXXX,Older American,Web,Company believes it acted appropriately as authorized by contract or law,Closed with explanation,Yes,True
18396275,2025-12-31T20:02:51.000Z,2025-12-31T20:12:40.000Z,Vehicle loan or lease,Loan,Struggling to pay your loan,Denied request to lower payments,"Westlake Services, LLC",DC,20002,,Web,,Closed with explanation,Yes,False
18396210,2025-12-31T20:02:36.000Z,2025-12-31T20:07:31.000Z,Checking or savings account,Checking account,Problem caused by your funds being low,Non-sufficient funds and associated fees,Chime Financial Inc,AL,364XX,,Web,,Closed with explanation,Yes,True
18397028,2025-12-31T20:01:02.000Z,2026-02-10T19:45:15.000Z,Student loan,Federal student loan servicing,Dealing with your lender or servicer,Received bad information about your loan,Ascendium Education Group,FL,33569,Servicemember,Web,,Closed with explanation,Yes,False
18396445,2025-12-31T19:59:43.000Z,2025-12-31T20:26:50.000Z,Credit card,General-purpose credit card or charge card,Problem with a purchase shown on your statement,Credit card company isn't resolving a dispute about a purchase on your statement,"Paypal Holdings, Inc",LA,70360,Servicemember,Web,,Closed with explanation,Yes,False
18396836,2025-12-31T19:59:41.000Z,2026-01-12T22:35:03.000Z,Mortgage,USDA mortgage,Struggling to pay mortgage,"Trying to communicate with the company to fix an issue related to modification, forbearance, short sale, deed-in-lieu, bankruptcy, or foreclosure",M&T BANK CORPORATION,NE,69130,,Web,Company has responded to the consumer and the CFPB and chooses not to provide a public response,Closed with explanation,Yes,False
18396171,2025-12-31T19:59:08.000Z,2025-12-31T20:05:12.000Z,Mortgage,Other type of mortgage,Incorrect information on your report,Account information incorrect,"HOPE BANCORP, INC.",TX,77045,,Web,,Closed with explanation,Yes,True
18396263,2025-12-31T19:58:39.000Z,2026-03-19T17:10:27.000Z,Checking or savings account,Checking account,Managing an account,Deposits and withdrawals,"Paypal Holdings, Inc",TX,75460,,Web,,Closed with explanation,Yes,True
18396134,2025-12-31T19:58:39.000Z,2025-12-31T20:01:08.000Z,Credit card,General-purpose credit card or charge card,Getting a credit card,Card opened without my consent or knowledge,"TRANSUNION INTERMEDIATE HOLDINGS, INC.",TX,77469,,Web,Company has responded to the consumer and the CFPB and chooses not to provide a public response,Closed with non-monetary relief,Yes,False
18396246,2025-12-31T19:58:32.000Z,2025-12-31T20:10:24.000Z,Student loan,Private student loan,Struggling to repay your loan,Problem lowering your monthly payments,SLM CORPORATION,VA,22407,,Web,Company believes it acted appropriately as authorized by contract or law,Closed with non-monetary relief,Yes,False
18396441,2025-12-31T19:57:55.000Z,2025-12-31T20:26:26.000Z,Checking or savings account,Checking account,Managing an account,Problem using a debit or ATM card,WELLS FARGO & COMPANY,MN,566XX,,Web,Company has responded to the consumer and the CFPB and chooses not to provide a public response,Closed with explanation,Yes,True
18396142,2025-12-31T19:56:14.000Z,2025-12-31T20:02:11.000Z,Credit card,General-purpose credit card or charge card,Problem with a company's investigation into an existing problem,Problem with personal statement of dispute,"BANK OF AMERICA, NATIONAL ASSOCIATION",TX,77007,,Web,Company has responded to the consumer and the CFPB and chooses not to provide a public response,Closed with explanation,Yes,True
18396087,2025-12-31T19:55:38.000Z,2025-12-31T19:58:51.000Z,Credit card,General-purpose credit card or charge card,Getting a credit card,Card opened without my consent or knowledge,"EQUIFAX, INC.",TX,77469,,Web,,Closed with non-monetary relief,Yes,False
18396135,2025-12-31T19:55:14.000Z,2025-12-31T20:01:47.000Z,Credit card,General-purpose credit card or charge card,Problem with a purchase shown on your statement,Credit card company isn't resolving a dispute about a purchase on your statement,UNITED SERVICES AUTOMOBILE ASSOCIATION,NC,28376,Servicemember,Web,Company has responded to the consumer and the CFPB and chooses not to provide a public response,Closed with non-monetary relief,Yes,True
18396196,2025-12-31T19:54:18.000Z,2025-12-31T20:07:04.000Z,Vehicle loan or lease,Lease,Managing the loan or lease,Billing problem,VW Credit,IL,60169,,Web,,Closed with explanation,Yes,False
18396147,2025-12-31T19:54:10.000Z,2025-12-31T20:02:48.000Z,Debt or credit management,Credit repair services,Confusing or missing disclosures,,"TRANSUNION INTERMEDIATE HOLDINGS, INC.",FL,341XX,,Web,Company has responded to the consumer and the CFPB and chooses not to provide a public response,Closed with explanation,Yes,True
18396110,2025-12-31T19:52:49.000Z,2025-12-31T19:59:49.000Z,Vehicle loan or lease,Loan,Repossession,Lender trying to repossess or disable the vehicle,TOYOTA MOTOR CREDIT CORPORATION,AZ,86320,,Web,,Closed with explanation,Yes,False
18396162,2025-12-31T19:52:38.000Z,2025-12-31T20:04:01.000Z,Credit card,General-purpose credit card or charge card,Problem with a purchase shown on your statement,Credit card company isn't resolving a dispute about a purchase on your statement,AMERICAN EXPRESS COMPANY,WA,98117,,Web,,Closed with monetary relief,No,False
18396082,2025-12-31T19:51:47.000Z,2025-12-31T19:58:19.000Z,Checking or savings account,Checking account,Managing an account,Problem using a debit or ATM card,ALLY FINANCIAL INC.,NM,87301,,Web,Company has responded to the consumer and the CFPB and chooses not to provide a public response,Closed with explanation,Yes,False
18396083,2025-12-31T19:51:27.000Z,2025-12-31T19:58:25.000Z,Mortgage,Conventional home mortgage,Closing on a mortgage,Delays with the closing process,"Shellpoint Partners, LLC",NY,11754,,Web,Company has responded to the consumer and the CFPB and chooses not to provide a public response,Closed with explanation,Yes,False
18396332,2025-12-31T19:51:24.000Z,2025-12-31T20:17:52.000Z,Checking or savings account,Checking account,Managing an account,Funds not handled or disbursed as instructed,CAPITAL ONE FINANCIAL CORPORATION,MI,48221,,Web,,Closed with explanation,Yes,False
18396447,2025-12-31T19:48:51.000Z,2025-12-31T20:27:39.000Z,Credit card,General-purpose credit card or charge card,Fees or interest,Problem with fees,BMO BANK NATIONAL ASSOCIATION,IL,XXXXX,Older American,Web,Company has responded to the consumer and the CFPB and chooses not to provide a public response,Closed with explanation,Yes,True
18396072,2025-12-31T19:47:58.000Z,2025-12-31T19:56:23.000Z,Mortgage,Conventional home mortgage,Trouble during payment process,"Escrow, taxes, or insurance",U.S. BANCORP,IL,61103,,Postal mail,Company has responded to the consumer and the CFPB and chooses not to provide a public response,Closed with explanation,Yes,False
18396022,2025-12-31T19:45:56.000Z,2025-12-31T19:52:36.000Z,Mortgage,FHA mortgage,Incorrect information on your report,Account status incorrect,"PENNYMAC LOAN SERVICES, LLC.",LA,70722,,Web,,Closed with explanation,Yes,False
18396064,2025-12-31T19:45:32.000Z,2025-12-31T19:55:46.000Z,Credit card,General-purpose credit card or charge card,Getting a credit card,Card opened without my consent or knowledge,Experian Information Solutions Inc.,TX,77469,,Web,Company has responded to the consumer and the CFPB and chooses not to provide a public response,Closed with explanation,Yes,False
18396556,2025-12-31T19:45:10.000Z,2025-12-31T20:37:13.000Z,Student loan,Federal student loan servicing,Dealing with your lender or servicer,Received bad information about your loan,Central Research Inc,CA,94610,,Web,,Closed with explanation,Yes,False
18396119,2025-12-31T19:45:08.000Z,2025-12-31T20:00:20.000Z,Credit card,General-purpose credit card or charge card,Closing your account,Can't close your account,Chime Financial Inc,TX,79407,,Web,,Closed with explanation,Yes,True
18396152,2025-12-31T19:43:52.000Z,2025-12-31T20:03:11.000Z,Credit card,General-purpose credit card or charge card,"Other features, terms, or problems",Other problem,AMERICAN EXPRESS COMPANY,VA,23666,,Web,,Closed with explanation,Yes,True
18396081,2025-12-31T19:43:35.000Z,2025-12-31T19:58:19.000Z,Credit card,General-purpose credit card or charge card,Trouble using your card,Credit card company won't increase or decrease your credit limit,WELLS FARGO & COMPANY,OR,97201,,Web,Company has responded to the consumer and the CFPB and chooses not to provide a public response,Closed with explanation,Yes,False
18395997,2025-12-31T19:43:30.000Z,2025-12-31T19:50:16.000Z,Student loan,Federal student loan servicing,Struggling to repay your loan,"Problem with forgiveness, cancellation, or discharge",MOHELA,TX,75050,,Web,,Untimely response,No,False
18396186,2025-12-31T19:42:16.000Z,2025-12-31T20:05:50.000Z,Checking or savings account,Checking account,Problem caused by your funds being low,Bounced checks or returned payments,NAVY FEDERAL CREDIT UNION,CA,91768,,Web,Company believes it acted appropriately as authorized by contract or law,Closed with explanation,Yes,True
18396269,2025-12-31T19:40:25.000Z,2025-12-31T20:12:26.000Z,Credit card,General-purpose credit card or charge card,Problem with a purchase shown on your statement,Card was charged for something you did not purchase with the card,"BANK OF AMERICA, NATIONAL ASSOCIATION",WA,98037,,Web,Company has responded to the consumer and the CFPB and chooses not to provide a public response,Closed with monetary relief,Yes,True
18396220,2025-12-31T19:39:06.000Z,2025-12-31T20:08:26.000Z,Checking or savings account,Checking account,Managing an account,Deposits and withdrawals,CAPITAL ONE FINANCIAL CORPORATION,NY,10466,,Web,,Closed with explanation,Yes,True
18396419,2025-12-31T19:38:38.000Z,2025-12-31T20:24:31.000Z,Student loan,Federal student loan servicing,Dealing with your lender or servicer,Trouble with how payments are being handled,Servicer under contract with Federal Student Aid,CA,941XX,,Web,,Untimely response,No,True
18395970,2025-12-31T19:37:59.000Z,2025-12-31T19:47:48.000Z,Checking or savings account,Checking account,Closing an account,Can't close your account,WAFD BANK,CO,80104,,Web,,Closed with explanation,Yes,False
18396027,2025-12-31T19:36:51.000Z,2025-12-31T19:53:11.000Z,Vehicle loan or lease,Lease,Problem with a company's investigation into an existing problem,Their investigation did not fix an error on your report,FIRST COMMONWEALTH FINANCIAL CORPORATION,OH,43213,,Web,,Closed with explanation,Yes,False
18395890,2025-12-31T19:36:29.000Z,2025-12-31T19:39:57.000Z,Debt or credit management,Credit repair services,Didn't provide services promised,,Resurgent Capital Services L.P.,NY,11434,,Web,,Closed with explanation,Yes,True
18395938,2025-12-31T19:34:54.000Z,2025-12-31T19:45:05.000Z,Checking or savings account,Checking account,Managing an account,Deposits and withdrawals,"Block, Inc.",TX,784XX,Servicemember,Web,,Closed with explanation,Yes,True
18396160,2025-12-31T19:34:09.000Z,2025-12-31T20:03:39.000Z,Prepaid card,General-purpose prepaid card,Problem with a purchase or transfer,Card company isn't resolving a dispute about a purchase or transfer,"Block, Inc.",HI,96786,Servicemember,Web,,Closed with explanation,Yes,True
18395914,2025-12-31T19:31:48.000Z,2025-12-31T19:42:43.000Z,Credit card,Store credit card,Getting a credit card,Card opened without my consent or knowledge,SYNCHRONY FINANCIAL,IA,50023,,Web,Company has responded to the consumer and the CFPB and chooses not to provide a public response,Closed with explanation,Yes,True
18396542,2025-12-31T19:31:23.000Z,2025-12-31T20:35:47.000Z,"Payday loan, title loan, personal loan, or advance loan",Installment loan,Getting the loan,,MoneyLion Inc.,FL,34771,,Web,Company believes the complaint provided an opportunity to answer consumer's questions,Closed with explanation,Yes,False
18395895,2025-12-31T19:31:11.000Z,2025-12-31T19:40:19.000Z,Prepaid card,General-purpose prepaid card,Problem with a purchase or transfer,Card company isn't resolving a dispute about a purchase or transfer,"Block, Inc.",GA,30236,,Web,,Closed with explanation,Yes,True
18395881,2025-12-31T19:29:36.000Z,2025-12-31T19:39:07.000Z,Credit card,General-purpose credit card or charge card,Getting a credit card,Delay in processing application,CAPITAL ONE FINANCIAL CORPORATION,TX,76210,,Web,,Closed with explanation,Yes,True
18396400,2025-12-31T19:27:59.000Z,2025-12-31T20:22:46.000Z,Checking or savings account,Checking account,Managing an account,Problem using a debit or ATM card,WELLS FARGO & COMPANY,CA,95003,,Web,Company has responded to the consumer and the CFPB and chooses not to provide a public response,Closed with monetary relief,Yes,False
18395852,2025-12-31T19:27:26.000Z,2025-12-31T19:35:56.000Z,Credit card,General-purpose credit card or charge card,Problem with a purchase shown on your statement,Credit card company isn't resolving a dispute about a purchase on your statement,"BANK OF AMERICA, NATIONAL ASSOCIATION",VA,20105,,Web,Company has responded to the consumer and the CFPB and chooses not to provide a public response,Closed with explanation,Yes,False
18395917,2025-12-31T19:26:38.000Z,2025-12-31T19:43:05.000Z,Checking or savings account,Checking account,Managing an account,Funds not handled or disbursed as instructed,NEW YORK COMMUNITY BANCORP INC,TN,37027,,Web,Company has responded to the consumer and the CFPB and chooses not to provide a public response,Closed with explanation,Yes,True
18396271,2025-12-31T19:25:34.000Z,2025-12-31T20:12:35.000Z,Mortgage,FHA mortgage,Applying for a mortgage or refinancing an existing mortgage,Delays in the application process,JPMORGAN CHASE & CO.,TX,XXXXX,,Web,,Closed with explanation,Yes,True
18395920,2025-12-31T19:25:33.000Z,2025-12-31T19:43:13.000Z,"Payday loan, title loan, personal loan, or advance loan",Personal line of credit,Getting a line of credit,,"Wxw Investments, LLC",GA,31721,,Web,Company believes it acted appropriately as authorized by contract or law,Closed with explanation,Yes,True
18395779,2025-12-31T19:23:18.000Z,2026-02-06T20:46:56.000Z,Credit card,General-purpose credit card or charge card,Problem with a purchase shown on your statement,Credit card company isn't resolving a dispute about a purchase on your statement,Google Compare Credit Cards Inc.,NY,100XX,,Web,Company has responded to the consumer and the CFPB and chooses not to provide a public response,Closed with explanation,Yes,False
18395780,2025-12-31T19:19:54.000Z,2025-12-31T19:29:50.000Z,Credit card,General-purpose credit card or charge card,Problem with a purchase shown on your statement,Credit card company isn't resolving a dispute about a purchase on your statement,AMERICAN EXPRESS COMPANY,TX,75672,,Web,,Closed with explanation,Yes,False
18395950,2025-12-31T19:19:49.000Z,2025-12-31T19:46:24.000Z,Prepaid card,Gift card,Trouble using the card,Trouble using the card to spend money in a store or online,Incomm Holdings Inc.,FL,32256,"Older American, Servicemember",Web,,Closed with explanation,Yes,True
18395947,2025-12-31T19:19:39.000Z,2025-12-31T19:45:55.000Z,Checking or savings account,Checking account,Problem caused by your funds being low,Overdrafts and overdraft fees,"HUNTINGTON NATIONAL BANK, THE",OH,44676,,Web,,Closed with explanation,Yes,False
18395721,2025-12-31T19:19:27.000Z,2025-12-31T19:24:38.000Z,Checking or savings account,Checking account,Managing an account,Deposits and withdrawals,JPMORGAN CHASE & CO.,TX,75013,,Web,,Closed with explanation,Yes,False
18395842,2025-12-31T19:19:03.000Z,2025-12-31T19:35:27.000Z,Debt or credit management,Credit repair services,Didn't provide services promised,,"CAINE & WEINER COMPANY, INC.",NY,11434,,Web,,Closed with explanation,Yes,True
18395798,2025-12-31T19:18:02.000Z,2025-12-31T19:30:40.000Z,Student loan,Federal student loan servicing,Dealing with your lender or servicer,Don't agree with the fees charged,"Nelnet, Inc.",SC,291XX,,Web,,Closed with explanation,Yes,True
18395750,2025-12-31T19:16:04.000Z,2025-12-31T19:26:58.000Z,Checking or savings account,Checking account,Managing an account,Problem using a debit or ATM card,"BANK OF AMERICA, NATIONAL ASSOCIATION",GA,30319,,Web,Company has responded to the consumer and the CFPB and chooses not to provide a public response,Closed with monetary relief,Yes,False
18395823,2025-12-31T19:15:59.000Z,2025-12-31T19:33:37.000Z,Credit card,General-purpose credit card or charge card,Problem when making payments,Problem during payment process,SYNCHRONY FINANCIAL,CA,92630,,Web,Company has responded to the consumer and the CFPB and chooses not to provide a public response,Closed with explanation,Yes,True
18395819,2025-12-31T19:15:13.000Z,2025-12-31T19:32:28.000Z,Checking or savings account,Savings account,Managing an account,Deposits and withdrawals,BARCLAYS BANK DELAWARE,CA,92508,,Web,Company has responded to the consumer and the CFPB and chooses not to provide a public response,Closed with explanation,Yes,True
18397090,2025-12-31T19:14:48.000Z,2025-12-31T21:29:55.000Z,Checking or savings account,Other banking product or service,Managing an account,Deposits and withdrawals,CAPITAL ONE FINANCIAL CORPORATION,AZ,85653,,Referral,,Closed with explanation,Yes,False
18397317,2025-12-31T19:13:18.000Z,2025-12-31T21:52:31.000Z,Mortgage,Conventional home mortgage,Struggling to pay mortgage,"Trying to communicate with the company to fix an issue related to modification, forbearance, short sale, deed-in-lieu, bankruptcy, or foreclosure",Selene Holdings LLC,FL,32828,Older American,Web,,Closed with explanation,Yes,False
18396391,2025-12-31T19:12:21.000Z,2025-12-31T20:22:10.000Z,Checking or savings account,Checking account,Managing an account,Problem using a debit or ATM card,"BANK OF AMERICA, NATIONAL ASSOCIATION",CA,91006,,Web,Company has responded to the consumer and the CFPB and chooses not to provide a public response,Closed with monetary relief,Yes,False
18395596,2025-12-31T19:08:17.000Z,2025-12-31T19:12:28.000Z,Vehicle loan or lease,Loan,Getting a loan or lease,Changes in terms mid-deal or after closing,HYUNDAI CAPITAL AMERICA,TN,37343,,Web,Company has responded to the consumer and the CFPB and chooses not to provide a public response,Closed with explanation,Yes,False
18395926,2025-12-31T19:07:54.000Z,2025-12-31T19:43:52.000Z,Mortgage,FHA mortgage,Incorrect information on your report,Account status incorrect,"PENNYMAC LOAN SERVICES, LLC.",LA,70722,,Web,,Closed with explanation,Yes,False
18395656,2025-12-31T19:07:24.000Z,2025-12-31T19:17:43.000Z,Credit card,General-purpose credit card or charge card,"Other features, terms, or problems",Other problem,"Avant Holding Company, Inc.",NY,138XX,,Web,,Closed with explanation,Yes,True
18395697,2025-12-31T19:07:16.000Z,2025-12-31T19:22:54.000Z,Checking or savings account,Checking account,Managing an account,Deposits and withdrawals,"BANK OF AMERICA, NATIONAL ASSOCIATION",TX,77494,,Web,Company has responded to the consumer and the CFPB and chooses not to provide a public response,Closed with explanation,Yes,True
18395647,2025-12-31T19:06:46.000Z,2025-12-31T19:16:20.000Z,Checking or savings account,Checking account,Managing an account,Problem using a debit or ATM card,"Coinbase, Inc.",MS,XXXXX,,Web,,Closed with explanation,Yes,True
18395841,2025-12-31T19:05:18.000Z,2025-12-31T19:35:30.000Z,"Payday loan, title loan, personal loan, or advance loan",Installment loan,Incorrect information on your report,Account information incorrect,Kovo,FL,33162,,Referral,,Closed with explanation,Yes,False
18395778,2025-12-31T19:04:12.000Z,2025-12-31T19:29:35.000Z,Mortgage,Conventional home mortgage,Struggling to pay mortgage,Foreclosure,"SELECT PORTFOLIO SERVICING, INC.",NY,11764,,Web,,Closed with explanation,Yes,False
18395758,2025-12-31T19:03:43.000Z,2025-12-31T19:27:58.000Z,Checking or savings account,Checking account,Managing an account,Problem using a debit or ATM card,First Technology Federal Credit Union,OR,97124,,Web,Company has responded to the consumer and the CFPB and chooses not to provide a public response,Closed with explanation,Yes,True
18395891,2025-12-31T19:03:14.000Z,2025-12-31T19:39:59.000Z,Student loan,Federal student loan servicing,Problem with a company's investigation into an existing problem,Was not notified of investigation status or results,"Nelnet, Inc.",CA,91906,,Web,,Closed with explanation,Yes,False
18395639,2025-12-31T19:02:13.000Z,2025-12-31T19:16:02.000Z,Checking or savings account,Checking account,Problem with a lender or other company charging your account,Transaction was not authorized,PNC Bank N.A.,FL,34771,,Web,,Closed with monetary relief,Yes,False
18396050,2025-12-31T19:00:15.000Z,2025-12-31T19:54:49.000Z,Checking or savings account,Checking account,Managing an account,Problem making or receiving payments,"BANK OF AMERICA, NATIONAL ASSOCIATION",CA,90025,Older American,Web,Company has responded to the consumer and the CFPB and chooses not to provide a public response,Closed with explanation,Yes,False
18395601,2025-12-31T18:56:14.000Z,2025-12-31T19:12:54.000Z,Student loan,Federal student loan servicing,Incorrect information on your report,Account information incorrect,MOHELA,DC,20010,,Web,,Untimely response,No,False
18395630,2025-12-31T18:55:44.000Z,2025-12-31T19:15:54.000Z,Credit card,General-purpose credit card or charge card,Problem with a purchase shown on your statement,Credit card company isn't resolving a dispute about a purchase on your statement,"CITIBANK, N.A.",NC,28079,,Web,Company has responded to the consumer and the CFPB and chooses not to provide a public response,Closed with explanation,Yes,True
18396047,2025-12-31T18:55:37.000Z,2025-12-31T19:54:32.000Z,Credit card,General-purpose credit card or charge card,Problem with a purchase shown on your statement,Overcharged for something you did purchase with the card,DISCOVER BANK,VA,22152,,Web,,Closed with explanation,Yes,True
18395763,2025-12-31T18:54:31.000Z,2025-12-31T19:28:21.000Z,Checking or savings account,Checking account,Managing an account,Banking errors,"CITIZENS FINANCIAL GROUP, INC.",NY,11230,,Phone,,Closed with monetary relief,Yes,False
18395580,2025-12-31T18:54:31.000Z,2025-12-31T19:10:30.000Z,Credit card,General-purpose credit card or charge card,Getting a credit card,Problem getting a working replacement card,"Sunbit, Inc.",CA,95825,,Web,,Closed with explanation,Yes,False
18395605,2025-12-31T18:54:16.000Z,2025-12-31T19:13:14.000Z,Checking or savings account,Checking account,Managing an account,Problem using a debit or ATM card,Chime Financial Inc,CA,90047,,Web,,Closed with explanation,Yes,True
18395488,2025-12-31T18:52:45.000Z,2025-12-31T19:04:04.000Z,Checking or savings account,Checking account,Problem with a lender or other company charging your account,Transaction was not authorized,"SOFI TECHNOLOGIES, INC.",TX,79360,Servicemember,Web,,Closed with explanation,Yes,False
18395529,2025-12-31T18:52:30.000Z,2025-12-31T19:06:44.000Z,Credit card,Store credit card,Fees or interest,Charged too much interest,"Bread Financial Holdings, Inc.",MA,XXXXX,,Web,,Closed with explanation,Yes,True
18395618,2025-12-31T18:52:05.000Z,2026-03-31T20:28:32.000Z,Mortgage,Conventional home mortgage,Applying for a mortgage or refinancing an existing mortgage,Changes in loan terms during the application process,CALCON MUTUAL MORTGAGE LLC DBA ONETRUST HOME LOANS,VA,23117,,Postal mail,,Closed with monetary relief,Yes,False
18395390,2025-12-31T18:51:29.000Z,2025-12-31T18:56:58.000Z,Credit card,General-purpose credit card or charge card,Problem with a purchase shown on your statement,Credit card company isn't resolving a dispute about a purchase on your statement,WELLS FARGO & COMPANY,VA,23111,Servicemember,Web,Company has responded to the consumer and the CFPB and chooses not to provide a public response,Closed with explanation,Yes,True
18395581,2025-12-31T18:51:27.000Z,2025-12-31T19:10:53.000Z,Credit card,General-purpose credit card or charge card,Getting a credit card,Card opened without my consent or knowledge,CAPITAL ONE FINANCIAL CORPORATION,GA,317XX,,Web,,Closed with explanation,Yes,True
18395617,2025-12-31T18:51:08.000Z,2025-12-31T19:14:17.000Z,"Payday loan, title loan, personal loan, or advance loan",Installment loan,Getting the loan,,WELLS FARGO & COMPANY,GA,30309,,Web,Company has responded to the consumer and the CFPB and chooses not to provide a public response,Closed with explanation,Yes,False
18395427,2025-12-31T18:50:36.000Z,2025-12-31T18:59:48.000Z,Credit card,General-purpose credit card or charge card,Problem with a company's investigation into an existing problem,Their investigation did not fix an error on your report,CAPITAL ONE FINANCIAL CORPORATION,FL,34747,,Web,,Closed with explanation,Yes,True
18395640,2025-12-31T18:49:09.000Z,2025-12-31T19:16:08.000Z,Debt or credit management,Credit repair services,Problem with customer service,,Resurgent Capital Services L.P.,CA,90706,,Web,,Closed with non-monetary relief,Yes,True
18395820,2025-12-31T18:48:46.000Z,2025-12-31T19:33:03.000Z,Vehicle loan or lease,Loan,Repossession,Voluntary repossession,"Carvana Group, LLC",MA,XXXXX,,Web,,Closed with explanation,Yes,True
18395453,2025-12-31T18:47:27.000Z,2025-12-31T19:01:21.000Z,Credit card,General-purpose credit card or charge card,Problem with a purchase shown on your statement,Credit card company isn't resolving a dispute about a purchase on your statement,GOLDMAN SACHS BANK USA,FL,33897,,Web,,Closed with explanation,Yes,False
18395751,2025-12-31T18:46:24.000Z,2025-12-31T19:27:13.000Z,Checking or savings account,Checking account,Managing an account,Problem using a debit or ATM card,UNITED SERVICES AUTOMOBILE ASSOCIATION,CO,80634,,Web,Company has responded to the consumer and the CFPB and chooses not to provide a public response,Closed with explanation,Yes,False
18395744,2025-12-31T18:45:58.000Z,2025-12-31T19:26:51.000Z,Credit card,General-purpose credit card or charge card,Problem with a purchase shown on your statement,Credit card company isn't resolving a dispute about a purchase on your statement,"CITIBANK, N.A.",CA,92234,,Web,Company has responded to the consumer and the CFPB and chooses not to provide a public response,Closed with explanation,Yes,True
18395628,2025-12-31T18:45:16.000Z,2025-12-31T19:15:36.000Z,Vehicle loan or lease,Lease,Managing the loan or lease,Billing problem,HYUNDAI CAPITAL AMERICA,NC,28590,,Web,Company has responded to the consumer and the CFPB and chooses not to provide a public response,Closed with explanation,Yes,True
18395357,2025-12-31T18:45:05.000Z,2025-12-31T18:53:46.000Z,Credit card,General-purpose credit card or charge card,Problem with a purchase shown on your statement,Credit card company isn't resolving a dispute about a purchase on your statement,"CITIBANK, N.A.",IL,60010,,Web,Company has responded to the consumer and the CFPB and chooses not to provide a public response,Closed with monetary relief,Yes,False
18395542,2025-12-31T18:44:45.000Z,2025-12-31T19:08:12.000Z,Mortgage,Conventional home mortgage,Trouble during payment process,Private mortgage insurance (PMI),Freedom Mortgage Company,TX,78641,,Web,Company has responded to the consumer and the CFPB and chooses not to provide a public response,Closed with explanation,Yes,False
18395363,2025-12-31T18:43:11.000Z,2025-12-31T18:54:45.000Z,Credit card,General-purpose credit card or charge card,Trouble using your card,Credit card company won't increase or decrease your credit limit,AMERICAN EXPRESS COMPANY,CA,94306,,Web,,Closed with explanation,Yes,False
18395987,2025-12-31T18:41:09.000Z,2026-01-13T12:35:21.000Z,Credit card,Store credit card,"Other features, terms, or problems",Credit card company forcing arbitration,"Auto Acceptance, LLC",NV,89130,,Web,,Untimely response,No,True
18395263,2025-12-31T18:40:16.000Z,2025-12-31T18:44:13.000Z,Student loan,Federal student loan servicing,Dealing with your lender or servicer,Problem with customer service,"Nelnet, Inc.",FL,32828,,Web,,Closed with explanation,Yes,True
18395942,2025-12-31T18:39:59.000Z,2025-12-31T19:45:18.000Z,Mortgage,Conventional home mortgage,Struggling to pay mortgage,Foreclosure,PNC Bank N.A.,SC,29707,,Web,,Closed with explanation,Yes,False
18395659,2025-12-31T18:39:46.000Z,2025-12-31T19:18:17.000Z,Mortgage,Conventional home mortgage,Closing on a mortgage,Trying to communicate with the company to fix an issue with the loan closing,DISCOVER BANK,AR,72076,,Web,,Closed with explanation,Yes,True
18395602,2025-12-31T18:39:33.000Z,2025-12-31T19:12:54.000Z,Credit card,General-purpose credit card or charge card,Problem with a purchase shown on your statement,Card was charged for something you did not purchase with the card,"CITIBANK, N.A.",MA,02453,,Web,Company has responded to the consumer and the CFPB and chooses not to provide a public response,Closed with explanation,Yes,False
18395474,2025-12-31T18:38:57.000Z,2025-12-31T19:02:38.000Z,Checking or savings account,Checking account,Managing an account,Deposits and withdrawals,INDEPENDENT BANK CORP.,MA,020XX,,Web,,Closed with explanation,Yes,True
18395572,2025-12-31T18:38:23.000Z,2025-12-31T19:09:54.000Z,Mortgage,Manufactured home loan,Closing on a mortgage,Changes in loan terms during or after closing,WELLS FARGO & COMPANY,MD,21144,"Older American, Servicemember",Web,Company has responded to the consumer and the CFPB and chooses not to provide a public response,Closed with explanation,Yes,True
18395355,2025-12-31T18:38:08.000Z,2025-12-31T18:53:13.000Z,Checking or savings account,Checking account,Managing an account,Deposits and withdrawals,TRUIST FINANCIAL CORPORATION,GA,31405,,Web,Company has responded to the consumer and the CFPB and chooses not to provide a public response,Closed with explanation,Yes,False
18395573,2025-12-31T18:38:07.000Z,2025-12-31T19:09:56.000Z,Vehicle loan or lease,Loan,Managing the loan or lease,Billing problem,WELLS FARGO & COMPANY,TX,77498,,Web,Company has responded to the consumer and the CFPB and chooses not to provide a public response,Closed with monetary relief,Yes,False
18395332,2025-12-31T18:37:10.000Z,2025-12-31T18:50:58.000Z,Checking or savings account,Checking account,Problem with a lender or other company charging your account,Transaction was not authorized,WELLS FARGO & COMPANY,VA,23111,Servicemember,Web,Company has responded to the consumer and the CFPB and chooses not to provide a public response,Closed with explanation,Yes,True
18395437,2025-12-31T18:37:01.000Z,2025-12-31T19:00:17.000Z,Checking or savings account,Checking account,Managing an account,Problem using a debit or ATM card,"BANK OF AMERICA, NATIONAL ASSOCIATION",TX,78121,,Postal mail,Company has responded to the consumer and the CFPB and chooses not to provide a public response,Closed with explanation,Yes,False
18395296,2025-12-31T18:35:32.000Z,2025-12-31T18:47:41.000Z,Vehicle loan or lease,Loan,Getting a loan or lease,Changes in terms mid-deal or after closing,FIRST TECHNOLOGY FEDERAL CREDIT UNION,AR,72459,,Web,Company has responded to the consumer and the CFPB and chooses not to provide a public response,Closed with explanation,Yes,False
18395411,2025-12-31T18:35:22.000Z,2025-12-31T18:58:52.000Z,Mortgage,Conventional home mortgage,Problem with a company's investigation into an existing problem,Problem with personal statement of dispute,Freedom Mortgage Company,OK,73170,,Web,Company has responded to the consumer and the CFPB and chooses not to provide a public response,Closed with explanation,Yes,False
18396428,2025-12-31T18:34:32.000Z,2026-01-12T22:45:11.000Z,Checking or savings account,Checking account,Problem with a lender or other company charging your account,Transaction was not authorized,PENTAGON FEDERAL CREDIT UNION,FL,33830,,Referral,Company has responded to the consumer and the CFPB and chooses not to provide a public response,Closed with explanation,Yes,False
18395222,2025-12-31T18:33:54.000Z,2025-12-31T18:41:00.000Z,Checking or savings account,Checking account,Closing an account,Funds not received from closed account,Chime Financial Inc,IL,622XX,,Web,,Closed with monetary relief,Yes,True
18395448,2025-12-31T18:32:47.000Z,2025-12-31T19:00:52.000Z,Checking or savings account,Checking account,Problem caused by your funds being low,Late or other fees,"CITIBANK, N.A.",NY,11226,,Web,Company has responded to the consumer and the CFPB and chooses not to provide a public response,Closed with monetary relief,Yes,False
18395282,2025-12-31T18:32:42.000Z,2025-12-31T18:46:15.000Z,Credit card,General-purpose credit card or charge card,Problem with a purchase shown on your statement,Card was charged for something you did not purchase with the card,"Avant Holding Company, Inc.",FL,32792,,Web,,Closed with explanation,Yes,False
18395302,2025-12-31T18:32:36.000Z,2025-12-31T18:48:17.000Z,Checking or savings account,Checking account,Managing an account,Problem using a debit or ATM card,WELLS FARGO & COMPANY,SC,29407,,Postal mail,Company has responded to the consumer and the CFPB and chooses not to provide a public response,Closed with explanation,Yes,False
18395703,2025-12-31T18:31:54.000Z,2025-12-31T19:23:17.000Z,Checking or savings account,Checking account,Managing an account,Problem making or receiving payments,JPMORGAN CHASE & CO.,CA,90720,,Web,,Closed with explanation,Yes,True
18395337,2025-12-31T18:31:36.000Z,2025-12-31T18:51:23.000Z,Checking or savings account,Checking account,Problem caused by your funds being low,Overdrafts and overdraft fees,Chime Financial Inc,WI,537XX,,Web,,Closed with explanation,Yes,True
18395420,2025-12-31T18:31:31.000Z,2025-12-31T18:59:12.000Z,Mortgage,Conventional home mortgage,Trouble during payment process,Payment process,Selene Holdings LLC,NJ,080XX,,Web,,Closed with explanation,Yes,True
18395239,2025-12-31T18:30:45.000Z,2026-01-29T15:42:12.000Z,Checking or savings account,Checking account,Managing an account,Problem using a debit or ATM card,WELLS FARGO & COMPANY,FL,34953,,Postal mail,Company has responded to the consumer and the CFPB and chooses not to provide a public response,Closed with explanation,Yes,False
18395356,2025-12-31T18:29:37.000Z,2025-12-31T18:53:43.000Z,Mortgage,Conventional home mortgage,Struggling to pay mortgage,"Applying for or obtaining a modification, forbearance plan, short sale, or deed-in-lieu","BANK OF AMERICA, NATIONAL ASSOCIATION",FL,33157,,Web,Company has responded to the consumer and the CFPB and chooses not to provide a public response,Closed with explanation,Yes,True
18395505,2025-12-31T18:29:34.000Z,2025-12-31T19:04:56.000Z,"Payday loan, title loan, personal loan, or advance loan",Payday loan,Money was taken from your bank account on the wrong day or for the wrong amount,,CCF Intermediate Holdings LLC,SC,29730,,Web,,Closed with explanation,Yes,True
18395329,2025-12-31T18:28:24.000Z,2025-12-31T18:50:22.000Z,Checking or savings account,Checking account,Problem with a lender or other company charging your account,Transaction was not authorized,WELLS FARGO & COMPANY,CO,80211,,Web,Company has responded to the consumer and the CFPB and chooses not to provide a public response,Closed with explanation,Yes,False
18395149,2025-12-31T18:28:21.000Z,2025-12-31T18:34:25.000Z,Credit card,General-purpose credit card or charge card,Struggling to pay your bill,Filed for bankruptcy,"CITIBANK, N.A.",NC,27215,,Web,Company has responded to the consumer and the CFPB and chooses not to provide a public response,Closed with non-monetary relief,Yes,False
18395228,2025-12-31T18:27:24.000Z,2025-12-31T18:41:48.000Z,Mortgage,Conventional home mortgage,Trouble during payment process,Paying off the loan,"Shellpoint Partners, LLC",FL,33544,,Web,Company believes it acted appropriately as authorized by contract or law,Closed with explanation,Yes,True
18395224,2025-12-31T18:26:38.000Z,2025-12-31T18:41:08.000Z,Mortgage,Home equity loan or line of credit (HELOC),Trouble during payment process,Payment process,EASTERN BANKSHARES INC,MA,02056,,Web,Company has responded to the consumer and the CFPB and chooses not to provide a public response,Closed with explanation,Yes,False
18395452,2025-12-31T18:26:09.000Z,2025-12-31T19:01:15.000Z,Mortgage,Conventional home mortgage,Trouble during payment process,Paying off the loan,LAKE MICHIGAN CREDIT UNION,MI,48170,,Web,Company has responded to the consumer and the CFPB and chooses not to provide a public response,Closed with explanation,Yes,True
18395272,2025-12-31T18:24:25.000Z,2025-12-31T18:45:34.000Z,Checking or savings account,Checking account,Managing an account,Deposits and withdrawals,JPMORGAN CHASE & CO.,AZ,86314,,Web,,Closed with explanation,Yes,True
18395114,2025-12-31T18:23:19.000Z,2025-12-31T18:30:54.000Z,Credit card,General-purpose credit card or charge card,Problem when making payments,Problem during payment process,JPMORGAN CHASE & CO.,MI,48236,Servicemember,Web,,Closed with explanation,Yes,True
18395849,2025-12-31T18:21:51.000Z,2025-12-31T19:35:42.000Z,Mortgage,Conventional home mortgage,Trouble during payment process,Trying to communicate with the company to fix an issue while managing or servicing your loan,"PLANET HOME LENDING, LLC",OH,432XX,,Web,,Closed with explanation,Yes,True
18395154,2025-12-31T18:20:56.000Z,2025-12-31T18:34:39.000Z,Vehicle loan or lease,Loan,Problems at the end of the loan or lease,Problem related to refinancing,M&T BANK CORPORATION,NH,03103,,Web,Company has responded to the consumer and the CFPB and chooses not to provide a public response,Closed with explanation,Yes,False
18395072,2025-12-31T18:20:42.000Z,2025-12-31T18:27:54.000Z,"Payday loan, title loan, personal loan, or advance loan",Personal line of credit,Problem with cash advance,,Albert Corporation,CA,900XX,Servicemember,Web,Company believes the complaint provided an opportunity to answer consumer's questions,Closed with explanation,Yes,False
18395078,2025-12-31T18:20:22.000Z,2025-12-31T18:28:25.000Z,Checking or savings account,Checking account,Managing an account,Problem using a debit or ATM card,JPMORGAN CHASE & CO.,CO,80615,,Web,,Closed with explanation,Yes,False
18395174,2025-12-31T18:20:04.000Z,2026-02-19T00:48:19.000Z,Student loan,Federal student loan servicing,Incorrect information on your report,Account information incorrect,"Nelnet, Inc.",FL,33324,,Web,,Closed with explanation,Yes,False
18395515,2025-12-31T18:19:47.000Z,2025-12-31T19:05:32.000Z,Checking or savings account,Checking account,Managing an account,Problem using a debit or ATM card,WELLS FARGO & COMPANY,FL,32209,"Older American, Servicemember",Web,Company has responded to the consumer and the CFPB and chooses not to provide a public response,Closed with monetary relief,Yes,False
18395109,2025-12-31T18:19:44.000Z,2025-12-31T18:30:34.000Z,Checking or savings account,Checking account,Problem with a lender or other company charging your account,Transaction was not authorized,JPMORGAN CHASE & CO.,IN,46268,,Web,,Closed with explanation,Yes,True
18395255,2025-12-31T18:18:00.000Z,2025-12-31T18:43:38.000Z,Credit card,General-purpose credit card or charge card,Getting a credit card,Card opened without my consent or knowledge,AMERICAN EXPRESS COMPANY,NC,28303,,Web,,Closed with explanation,Yes,False
18395045,2025-12-31T18:17:30.000Z,2025-12-31T18:24:09.000Z,Vehicle loan or lease,Loan,Struggling to pay your loan,Problem after you declared or threatened to declare bankruptcy,CAPITAL ONE FINANCIAL CORPORATION,NC,27215,,Web,,Closed with explanation,Yes,True
18395071,2025-12-31T18:14:53.000Z,2025-12-31T18:27:52.000Z,Student loan,Federal student loan servicing,Incorrect information on your report,Account status incorrect,MOHELA,FL,33325,,Postal mail,,Untimely response,No,False
18395041,2025-12-31T18:14:16.000Z,2025-12-31T18:23:50.000Z,Checking or savings account,Checking account,Managing an account,Problem using a debit or ATM card,WELLS FARGO & COMPANY,CT,06855,Older American,Web,Company has responded to the consumer and the CFPB and chooses not to provide a public response,Closed with monetary relief,Yes,False
18395151,2025-12-31T18:14:08.000Z,2025-12-31T18:34:32.000Z,Credit card,General-purpose credit card or charge card,Problem with a purchase shown on your statement,Credit card company isn't resolving a dispute about a purchase on your statement,WELLS FARGO & COMPANY,NY,10011,,Web,Company has responded to the consumer and the CFPB and chooses not to provide a public response,Closed with explanation,Yes,True
18395022,2025-12-31T18:13:46.000Z,2025-12-31T18:21:29.000Z,Credit card,General-purpose credit card or charge card,Problem with a purchase shown on your statement,Card was charged for something you did not purchase with the card,"Mercari, Inc.",FL,34654,Servicemember,Web,,Closed with explanation,Yes,True
18394981,2025-12-31T18:10:55.000Z,2025-12-31T18:17:56.000Z,Vehicle loan or lease,Lease,Incorrect information on your report,Account information incorrect,"SANTANDER HOLDINGS USA, INC.",KY,40299,,Web,,Closed with explanation,Yes,False
18395225,2025-12-31T18:10:12.000Z,2025-12-31T18:41:16.000Z,Credit card,Store credit card,Fees or interest,Problem with fees,SYNCHRONY FINANCIAL,NV,89178,,Web,Company has responded to the consumer and the CFPB and chooses not to provide a public response,Closed with explanation,Yes,True
18394979,2025-12-31T18:10:04.000Z,2025-12-31T18:17:34.000Z,Credit card,General-purpose credit card or charge card,Problem when making payments,Problem during payment process,"Paypal Holdings, Inc",NV,89148,,Web,,Closed with explanation,Yes,False
18396020,2025-12-31T18:09:50.000Z,2025-12-31T19:52:30.000Z,"Payday loan, title loan, personal loan, or advance loan",Installment loan,Problem with a company's investigation into an existing problem,Their investigation did not fix an error on your report,NAVY FEDERAL CREDIT UNION,VA,23321,,Referral,Company believes it acted appropriately as authorized by contract or law,Closed with explanation,Yes,False
18395058,2025-12-31T18:09:46.000Z,2025-12-31T18:25:46.000Z,Credit card,General-purpose credit card or charge card,Problem with a purchase shown on your statement,Credit card company isn't resolving a dispute about a purchase on your statement,"CITIBANK, N.A.",TN,37160,,Web,Company has responded to the consumer and the CFPB and chooses not to provide a public response,Closed with monetary relief,Yes,True
18394955,2025-12-31T18:09:45.000Z,2025-12-31T18:15:25.000Z,Credit card,General-purpose credit card or charge card,Fees or interest,Problem with fees,JPMORGAN CHASE & CO.,IL,60611,,Web,,Closed with monetary relief,Yes,True
18395054,2025-12-31T18:09:33.000Z,2025-12-31T18:25:09.000Z,Checking or savings account,Other banking product or service,Opening an account,Unable to open an account,WELLS FARGO & COMPANY,PA,191XX,,Web,Company has responded to the consumer and the CFPB and chooses not to provide a public response,Closed with explanation,Yes,True
18395043,2025-12-31T18:08:45.000Z,2026-02-17T18:23:43.000Z,Credit card,General-purpose credit card or charge card,"Other features, terms, or problems",Privacy issues,TD BANK US HOLDING COMPANY,CO,80231,,Web,,Closed with non-monetary relief,Yes,False
18395019,2025-12-31T18:08:31.000Z,2025-12-31T18:21:13.000Z,Debt or credit management,Debt settlement,Unauthorized withdrawals or charges,,"DEBT 0, INC",FL,33018,,Web,,Closed with explanation,Yes,True
18395020,2025-12-31T18:07:10.000Z,2025-12-31T18:21:18.000Z,Checking or savings account,Checking account,Managing an account,Deposits and withdrawals,TRUIST FINANCIAL CORPORATION,FL,33313,,Web,Company has responded to the consumer and the CFPB and chooses not to provide a public response,Closed with explanation,Yes,False
18394929,2025-12-31T18:06:04.000Z,2025-12-31T18:12:16.000Z,Credit card,General-purpose credit card or charge card,Struggling to pay your bill,Filed for bankruptcy,AMERICAN EXPRESS COMPANY,NC,27215,,Web,,Closed with explanation,Yes,True
18395161,2025-12-31T18:03:44.000Z,2026-05-05T11:33:09.000Z,"Payday loan, title loan, personal loan, or advance loan",Installment loan,Charged fees or interest you didn't expect,,Thaxton Investment Corporation,IL,60302,,Web,,Closed with explanation,Yes,True
18395042,2025-12-31T18:03:30.000Z,2025-12-31T18:24:05.000Z,Credit card,General-purpose credit card or charge card,"Advertising and marketing, including promotional offers",Confusing or misleading advertising about the credit card,"SOFI TECHNOLOGIES, INC.",TX,786XX,,Web,,Closed with explanation,Yes,True
18395005,2025-12-31T18:03:29.000Z,2025-12-31T18:19:43.000Z,Checking or savings account,Checking account,Problem with a lender or other company charging your account,Transaction was not authorized,"SOFI TECHNOLOGIES, INC.",CA,92277,,Web,,Closed with explanation,Yes,True
18395294,2025-12-31T18:03:09.000Z,2025-12-31T18:47:24.000Z,Student loan,Federal student loan servicing,Dealing with your lender or servicer,Received bad information about your loan,EdFinancial Services,IL,60441,,Web,,Closed with explanation,Yes,True
18395207,2025-12-31T18:01:24.000Z,2025-12-31T18:39:36.000Z,Credit card,General-purpose credit card or charge card,"Advertising and marketing, including promotional offers",Didn't receive advertised or promotional terms,JPMORGAN CHASE & CO.,CA,91732,,Web,,Closed with monetary relief,Yes,True
18395182,2025-12-31T18:00:38.000Z,2025-12-31T18:38:18.000Z,Checking or savings account,Checking account,Managing an account,Deposits and withdrawals,"PROVIDENT FINANCIAL SERVICES, INC.",NJ,07419,,Web,,Closed with explanation,Yes,False
18394940,2025-12-31T17:59:28.000Z,2025-12-31T18:13:10.000Z,Credit card,General-purpose credit card or charge card,"Other features, terms, or problems",Problem with rewards from credit card,JPMORGAN CHASE & CO.,NY,10536,,Web,,Closed with non-monetary relief,Yes,False
18395250,2025-12-31T17:59:16.000Z,2025-12-31T18:43:33.000Z,Mortgage,Conventional home mortgage,Applying for a mortgage or refinancing an existing mortgage,Fees or costs during the application process,JPMORGAN CHASE & CO.,FL,34741,,Web,,Closed with explanation,Yes,True
18394936,2025-12-31T17:57:33.000Z,2025-12-31T18:12:50.000Z,"Payday loan, title loan, personal loan, or advance loan",Payday loan,Charged fees or interest you didn't expect,,"Mobiloans, LLC",WA,98023,,Postal mail,,Untimely response,No,False
18395937,2025-12-31T17:57:05.000Z,2025-12-31T19:45:08.000Z,Checking or savings account,Checking account,Managing an account,Problem making or receiving payments,WELLS FARGO & COMPANY,AL,36093,,Referral,Company has responded to the consumer and the CFPB and chooses not to provide a public response,Closed with explanation,Yes,False
18394993,2025-12-31T17:56:27.000Z,2025-12-31T18:19:01.000Z,Checking or savings account,Checking account,Managing an account,Deposits and withdrawals,WELLS FARGO & COMPANY,CA,95206,"Older American, Servicemember",Web,Company has responded to the consumer and the CFPB and chooses not to provide a public response,Closed with explanation,Yes,True
18394910,2025-12-31T17:54:38.000Z,2025-12-31T18:10:17.000Z,Mortgage,Conventional home mortgage,Trouble during payment process,"Escrow, taxes, or insurance","Dovenmuehle Mortgage, Inc.",IL,60301,,Web,,Closed with explanation,Yes,False
18394814,2025-12-31T17:54:38.000Z,2025-12-31T18:00:05.000Z,Checking or savings account,Checking account,Managing an account,Deposits and withdrawals,CAPITAL ONE FINANCIAL CORPORATION,WA,98532,,Web,,Closed with explanation,Yes,True
18394847,2025-12-31T17:53:52.000Z,2025-12-31T18:03:02.000Z,Vehicle loan or lease,Loan,Repossession,Damage caused or loss of personal items in vehicle during the actual repossession,"American Credit Acceptance, LLC",GA,303XX,,Web,,Closed with explanation,Yes,True
18394956,2025-12-31T17:53:31.000Z,2025-12-31T18:15:29.000Z,Student loan,Private student loan,Dealing with your lender or servicer,Trouble with how payments are being handled,SLM CORPORATION,FL,32164,,Web,Company believes it acted appropriately as authorized by contract or law,Closed with non-monetary relief,Yes,True
18394901,2025-12-31T17:52:57.000Z,2025-12-31T18:09:38.000Z,Checking or savings account,Checking account,Managing an account,Problem using a debit or ATM card,WELLS FARGO & COMPANY,CA,95128,,Web,Company has responded to the consumer and the CFPB and chooses not to provide a public response,Closed with explanation,Yes,True
18394825,2025-12-31T17:52:10.000Z,2025-12-31T18:00:49.000Z,Credit card,General-purpose credit card or charge card,Fees or interest,Problem with fees,SYNCHRONY FINANCIAL,NC,28078,,Web,Company has responded to the consumer and the CFPB and chooses not to provide a public response,Closed with monetary relief,Yes,False
18395061,2025-12-31T17:51:33.000Z,2025-12-31T18:26:14.000Z,Credit card,General-purpose credit card or charge card,Problem with a purchase shown on your statement,Credit card company isn't resolving a dispute about a purchase on your statement,AMERICAN EXPRESS COMPANY,TX,75672,,Web,,Closed with explanation,Yes,False
18394897,2025-12-31T17:48:57.000Z,2025-12-31T18:08:44.000Z,Checking or savings account,Checking account,Managing an account,Deposits and withdrawals,CAPITAL ONE FINANCIAL CORPORATION,OR,97206,,Web,,Closed with non-monetary relief,Yes,True
18394766,2025-12-31T17:48:20.000Z,2025-12-31T17:55:07.000Z,Student loan,Federal student loan servicing,Struggling to repay your loan,"Problem with forgiveness, cancellation, or discharge",MOHELA,AZ,85737,,Web,,Untimely response,No,True
18394867,2025-12-31T17:46:56.000Z,2026-01-12T22:27:21.000Z,Credit card,General-purpose credit card or charge card,Problem with a purchase shown on your statement,Credit card company isn't resolving a dispute about a purchase on your statement,Atlanticus Services Corporation,FL,32738,Older American,Web,Company believes it acted appropriately as authorized by contract or law,Closed with explanation,Yes,True
18394833,2025-12-31T17:46:36.000Z,2025-12-31T18:01:40.000Z,Vehicle loan or lease,Loan,Managing the loan or lease,Problem with additional products or services purchased with the loan,ALLY FINANCIAL INC.,KY,42066,,Web,,Closed with explanation,Yes,True
18394958,2025-12-31T17:45:32.000Z,2025-12-31T18:15:39.000Z,Student loan,Federal student loan servicing,Dealing with your lender or servicer,Don't agree with the fees charged,MOHELA,SC,29730,,Web,Company believes it acted appropriately as authorized by contract or law,Closed with explanation,Yes,True
18394791,2025-12-31T17:44:48.000Z,2025-12-31T17:58:12.000Z,Checking or savings account,Savings account,Managing an account,Deposits and withdrawals,"Paypal Holdings, Inc",NY,10463,,Web,,Closed with explanation,Yes,True
18394746,2025-12-31T17:43:44.000Z,2025-12-31T17:53:36.000Z,Checking or savings account,Checking account,Closing an account,Can't close your account,BMO BANK NATIONAL ASSOCIATION,NC,282XX,,Web,Company has responded to the consumer and the CFPB and chooses not to provide a public response,Closed with non-monetary relief,Yes,True
18394668,2025-12-31T17:42:34.000Z,2025-12-31T17:47:48.000Z,Credit card,General-purpose credit card or charge card,Getting a credit card,Card opened without my consent or knowledge,Experian Information Solutions Inc.,IN,46410,,Web,Company has responded to the consumer and the CFPB and chooses not to provide a public response,Closed with explanation,Yes,False
18394832,2025-12-31T17:41:48.000Z,2025-12-31T18:01:23.000Z,Mortgage,Conventional home mortgage,Trouble during payment process,Trying to communicate with the company to fix an issue while managing or servicing your loan,"Shellpoint Partners, LLC",TX,75115,,Web,Company believes it acted appropriately as authorized by contract or law,Closed with explanation,Yes,False
18394900,2025-12-31T17:41:45.000Z,2025-12-31T18:09:09.000Z,Vehicle loan or lease,Loan,Managing the loan or lease,Billing problem,Stellantis Financial Services US Corp.,IA,501XX,,Web,Company has responded to the consumer and the CFPB and chooses not to provide a public response,Closed with explanation,Yes,True
18394841,2025-12-31T17:41:18.000Z,2025-12-31T18:02:31.000Z,Credit card,General-purpose credit card or charge card,Fees or interest,Problem with fees,AMERICAN EXPRESS COMPANY,NY,100XX,,Web,,Closed with explanation,Yes,True
18394776,2025-12-31T17:39:50.000Z,2025-12-31T17:56:26.000Z,Checking or savings account,Checking account,Managing an account,Deposits and withdrawals,NAVY FEDERAL CREDIT UNION,MD,21212,,Web,Company believes it acted appropriately as authorized by contract or law,Closed with non-monetary relief,Yes,True
18394692,2025-12-31T17:39:48.000Z,2025-12-31T17:48:29.000Z,"Payday loan, title loan, personal loan, or advance loan",Installment loan,Charged fees or interest you didn't expect,,Credit Fresh Holdings Inc,WA,98023,,Referral,,Closed with explanation,Yes,False
18394778,2025-12-31T17:39:44.000Z,2025-12-31T17:56:45.000Z,Student loan,Federal student loan servicing,Dealing with your lender or servicer,Trouble with how payments are being handled,"Nelnet, Inc.",,XXXXX,,Web,,Closed with explanation,Yes,True
18394704,2025-12-31T17:39:27.000Z,2025-12-31T17:49:35.000Z,Mortgage,FHA mortgage,Trouble during payment process,Trying to communicate with the company to fix an issue while managing or servicing your loan,"Rocket Mortgage, LLC",ND,58703,,Web,,Closed with explanation,Yes,True
18394693,2025-12-31T17:39:24.000Z,2025-12-31T17:48:31.000Z,Checking or savings account,Other banking product or service,Managing an account,Problem making or receiving payments,JPMORGAN CHASE & CO.,NV,89012,,Web,,Closed with explanation,Yes,True
18394666,2025-12-31T17:39:21.000Z,2026-01-07T17:21:06.000Z,Checking or savings account,Checking account,Problem caused by your funds being low,Non-sufficient funds and associated fees,WELLS FARGO & COMPANY,CA,95123,,Web,Company has responded to the consumer and the CFPB and chooses not to provide a public response,Closed with explanation,Yes,True
18394953,2025-12-31T17:38:58.000Z,2025-12-31T18:15:13.000Z,Credit card,General-purpose credit card or charge card,Problem with a purchase shown on your statement,Card was charged for something you did not purchase with the card,BARCLAYS BANK DELAWARE,WA,98103,,Web,Company has responded to the consumer and the CFPB and chooses not to provide a public response,Closed with explanation,Yes,True
18394650,2025-12-31T17:38:55.000Z,2026-01-07T16:01:49.000Z,Credit card,General-purpose credit card or charge card,Fees or interest,Charged too much interest,"Bread Financial Holdings, Inc.",TN,383XX,,Web,,Closed with explanation,Yes,True
18394640,2025-12-31T17:38:51.000Z,2025-12-31T17:44:32.000Z,Credit card,General-purpose credit card or charge card,Incorrect information on your report,Information belongs to someone else,"Fresh Start Funding, LLC",NC,27215,,Web,,Closed with explanation,No,False
18395003,2025-12-31T17:38:45.000Z,2026-02-19T15:50:27.000Z,Student loan,Private student loan,Getting a loan,High pressure sales tactics or recruiting,Monterey Financial Services LLC,FL,33837,Older American,Web,Company believes it acted appropriately as authorized by contract or law,Closed with explanation,Yes,True
18394683,2025-12-31T17:38:40.000Z,2026-01-07T17:51:57.000Z,Student loan,Federal student loan servicing,Dealing with your lender or servicer,Received bad information about your loan,MOHELA,TX,77396,,Web,,Closed with explanation,Yes,False
18394765,2025-12-31T17:38:16.000Z,2025-12-31T17:54:52.000Z,Checking or savings account,Savings account,Managing an account,Problem accessing account,WELLS FARGO & COMPANY,NY,10025,,Referral,Company has responded to the consumer and the CFPB and chooses not to provide a public response,Closed with explanation,Yes,False
18395262,2025-12-31T17:38:04.000Z,2025-12-31T18:44:13.000Z,Student loan,Federal student loan servicing,Dealing with your lender or servicer,Received bad information about your loan,"Maximus Federal Services, Inc.",IL,60607,,Web,,Closed with explanation,Yes,False
18394723,2025-12-31T17:38:01.000Z,2025-12-31T17:51:43.000Z,Vehicle loan or lease,Loan,Managing the loan or lease,Billing problem,CAPITAL ONE FINANCIAL CORPORATION,AE,XXXXX,Servicemember,Web,,Closed with explanation,Yes,True
18394621,2025-12-31T17:36:12.000Z,2025-12-31T17:42:28.000Z,Credit card,General-purpose credit card or charge card,Getting a credit card,Card opened without my consent or knowledge,"EQUIFAX, INC.",IN,46410,,Web,,Closed with non-monetary relief,Yes,False
18394714,2025-12-31T17:33:21.000Z,2025-12-31T17:51:07.000Z,Checking or savings account,Checking account,Problem with a lender or other company charging your account,Money was taken from your account on the wrong day or for the wrong amount,CAPITAL ONE FINANCIAL CORPORATION,NY,11201,,Web,,Closed with explanation,Yes,True
18394749,2025-12-31T17:31:56.000Z,2026-02-26T17:38:47.000Z,Checking or savings account,Checking account,Closing an account,Company closed your account,"Mercury Technologies, Inc.",NJ,07092,,Web,,Closed with explanation,Yes,False
18395674,2025-12-31T17:31:53.000Z,2025-12-31T19:20:40.000Z,Credit card,General-purpose credit card or charge card,Problem with a purchase shown on your statement,Credit card company isn't resolving a dispute about a purchase on your statement,"Block, Inc.",CA,91768,,Web,,Closed with explanation,Yes,True
18394593,2025-12-31T17:31:20.000Z,2025-12-31T17:38:50.000Z,Checking or savings account,Checking account,Problem caused by your funds being low,Overdrafts and overdraft fees,JPMORGAN CHASE & CO.,NY,10604,,Web,,Closed with explanation,Yes,False
18395075,2025-12-31T17:30:39.000Z,2025-12-31T18:28:06.000Z,Credit card,General-purpose credit card or charge card,Fees or interest,Problem with fees,JPMORGAN CHASE & CO.,UT,847XX,,Web,,Closed with explanation,Yes,True
18394863,2025-12-31T17:29:59.000Z,2025-12-31T18:04:49.000Z,Checking or savings account,Checking account,Managing an account,Fee problem,PNC Bank N.A.,PA,19104,,Web,,Closed with monetary relief,Yes,True
18394713,2025-12-31T17:28:43.000Z,2025-12-31T17:51:02.000Z,Checking or savings account,Checking account,Opening an account,Didn't receive terms that were advertised,U.S. BANCORP,CA,94110,,Web,Company has responded to the consumer and the CFPB and chooses not to provide a public response,Closed with monetary relief,Yes,True
18394665,2025-12-31T17:27:42.000Z,2025-12-31T17:45:52.000Z,Mortgage,Home equity loan or line of credit (HELOC),Trouble during payment process,Interest rate,PNC Bank N.A.,AZ,85653,Older American,Web,,Closed with explanation,Yes,False
18394633,2025-12-31T17:26:59.000Z,2025-12-31T17:43:56.000Z,Checking or savings account,Checking account,Managing an account,Deposits and withdrawals,JPMORGAN CHASE & CO.,MI,48507,Older American,Web,,Closed with explanation,Yes,False
18394587,2025-12-31T17:24:33.000Z,2026-01-07T16:44:10.000Z,Student loan,Federal student loan servicing,Struggling to repay your loan,"Problem with forgiveness, cancellation, or discharge","Maximus Federal Services, Inc.",OR,97008,,Referral,,Closed with explanation,Yes,False
18394626,2025-12-31T17:24:05.000Z,2025-12-31T17:43:09.000Z,Student loan,Private student loan,Dealing with your lender or servicer,Problem with customer service,Earnest Inc.,FL,32812,,Web,,Closed with explanation,Yes,False
18394846,2025-12-31T17:22:52.000Z,2026-01-21T14:39:46.000Z,Student loan,Private student loan,Dealing with your lender or servicer,Need information about your loan balance or loan terms,TRANSWORLD SYSTEMS INC,GA,31035,,Web,,Closed with explanation,Yes,False
18394757,2025-12-31T17:21:52.000Z,2025-12-31T17:54:01.000Z,Credit card,General-purpose credit card or charge card,Incorrect information on your report,Account information incorrect,BARCLAYS BANK DELAWARE,NY,11763,,Postal mail,Company has responded to the consumer and the CFPB and chooses not to provide a public response,Closed with explanation,Yes,False
18394544,2025-12-31T17:20:49.000Z,2025-12-31T17:32:04.000Z,Checking or savings account,Checking account,Managing an account,Problem accessing account,Chime Financial Inc,OH,443XX,,Web,,Closed with explanation,Yes,True
18394599,2025-12-31T17:20:04.000Z,2025-12-31T17:39:17.000Z,Mortgage,Conventional home mortgage,Struggling to pay mortgage,"Trying to communicate with the company to fix an issue related to modification, forbearance, short sale, deed-in-lieu, bankruptcy, or foreclosure",Freedom Mortgage Company,MN,55060,,Phone,Company has responded to the consumer and the CFPB and chooses not to provide a public response,Closed with explanation,Yes,False
18394532,2025-12-31T17:19:56.000Z,2025-12-31T17:31:04.000Z,Credit card,General-purpose credit card or charge card,Getting a credit card,Card opened without my consent or knowledge,"TRANSUNION INTERMEDIATE HOLDINGS, INC.",IN,46410,,Web,Company has responded to the consumer and the CFPB and chooses not to provide a public response,Closed with non-monetary relief,Yes,False
18394594,2025-12-31T17:19:02.000Z,2025-12-31T17:38:57.000Z,Checking or savings account,Checking account,Managing an account,Deposits and withdrawals,"BANK OF AMERICA, NATIONAL ASSOCIATION",WA,98003,,Web,Company has responded to the consumer and the CFPB and chooses not to provide a public response,Closed with explanation,Yes,True
18395619,2025-12-31T17:18:43.000Z,2025-12-31T19:14:29.000Z,Checking or savings account,Other banking product or service,Managing an account,Funds not handled or disbursed as instructed,"CITIBANK, N.A.",NY,10075,,Referral,,Closed with explanation,Yes,False
18394788,2025-12-31T17:18:14.000Z,2025-12-31T17:57:46.000Z,Student loan,Federal student loan servicing,Incorrect information on your report,Account information incorrect,MOHELA,NC,28303,,Phone,,Untimely response,No,False
18394516,2025-12-31T17:17:40.000Z,2025-12-31T17:27:12.000Z,Credit card,General-purpose credit card or charge card,Incorrect information on your report,Information belongs to someone else,"Prosper Marketplace, Inc.",NC,27215,,Web,Company has responded to the consumer and the CFPB and chooses not to provide a public response,Closed with explanation,Yes,False
18394524,2025-12-31T17:16:13.000Z,2025-12-31T17:28:08.000Z,Checking or savings account,Checking account,Opening an account,Didn't receive terms that were advertised,U.S. BANCORP,TN,38139,,Web,Company has responded to the consumer and the CFPB and chooses not to provide a public response,Closed with explanation,Yes,False
18394572,2025-12-31T17:14:48.000Z,2025-12-31T17:36:10.000Z,Credit card,General-purpose credit card or charge card,"Other features, terms, or problems",Problem with customer service,AMERICAN EXPRESS COMPANY,MA,01701,,Referral,,Closed with explanation,Yes,False
18394534,2025-12-31T17:14:13.000Z,2025-12-31T17:31:11.000Z,Credit card,General-purpose credit card or charge card,Closing your account,Company closed your account,AMERICAN EXPRESS COMPANY,NY,10930,,Web,,Closed with explanation,Yes,False
18395360,2025-12-31T17:13:30.000Z,2025-12-31T18:54:25.000Z,Credit card,Store credit card,"Advertising and marketing, including promotional offers",Confusing or misleading advertising about the credit card,SYNCHRONY FINANCIAL,NY,11217,,Referral,Company has responded to the consumer and the CFPB and chooses not to provide a public response,Closed with explanation,Yes,False
18394443,2025-12-31T17:10:03.000Z,2025-12-31T17:19:36.000Z,Credit card,Store credit card,Problem with a purchase shown on your statement,Credit card company isn't resolving a dispute about a purchase on your statement,"CITIBANK, N.A.",NY,13478,,Web,Company has responded to the consumer and the CFPB and chooses not to provide a public response,Closed with monetary relief,Yes,False
18394447,2025-12-31T17:08:34.000Z,2025-12-31T17:20:26.000Z,Checking or savings account,Checking account,Managing an account,Problem using a debit or ATM card,WELLS FARGO & COMPANY,NV,89148,,Web,Company has responded to the consumer and the CFPB and chooses not to provide a public response,Closed with explanation,Yes,True
18394376,2025-12-31T17:08:27.000Z,2025-12-31T17:13:23.000Z,Prepaid card,Government benefit card,Trouble using the card,Trouble using the card to spend money in a store or online,Comerica,NC,28441,,Web,,Closed with non-monetary relief,Yes,False
18394546,2025-12-31T17:06:52.000Z,2025-12-31T17:32:36.000Z,Checking or savings account,Checking account,Managing an account,Problem making or receiving payments,TD BANK US HOLDING COMPANY,FL,33063,,Web,,Closed with explanation,Yes,True
18394344,2025-12-31T17:06:16.000Z,2025-12-31T17:09:30.000Z,Checking or savings account,Checking account,Closing an account,Company closed your account,JPMORGAN CHASE & CO.,CA,92662,,Web,,Closed with explanation,Yes,False
18394385,2025-12-31T17:06:09.000Z,2025-12-31T17:15:17.000Z,Checking or savings account,Checking account,Opening an account,Didn't receive terms that were advertised,WELLS FARGO & COMPANY,CA,92649,,Web,Company has responded to the consumer and the CFPB and chooses not to provide a public response,Closed with monetary relief,Yes,True
18394853,2025-12-31T17:05:13.000Z,2025-12-31T18:03:16.000Z,Checking or savings account,Checking account,Managing an account,Problem using a debit or ATM card,BOK FINANCIAL CORP,OK,XXXXX,,Web,,Closed with explanation,Yes,True
18394388,2025-12-31T17:03:09.000Z,2025-12-31T17:15:44.000Z,Credit card,General-purpose credit card or charge card,Getting a credit card,Application denied,"CLGF Holdco 1, LLC",CA,92552,,Web,,Closed with explanation,Yes,False
18394368,2025-12-31T17:02:37.000Z,2025-12-31T17:12:49.000Z,"Payday loan, title loan, personal loan, or advance loan",Personal line of credit,Charged fees or interest you didn't expect,,"CreditNinja Lending, LLC",TX,78504,,Web,Company has responded to the consumer and the CFPB and chooses not to provide a public response,Closed with explanation,Yes,True
18394413,2025-12-31T17:02:25.000Z,2026-02-10T20:05:51.000Z,Checking or savings account,Checking account,Problem with a lender or other company charging your account,Money was taken from your account on the wrong day or for the wrong amount,"BANK OF AMERICA, NATIONAL ASSOCIATION",NV,89117,,Web,Company has responded to the consumer and the CFPB and chooses not to provide a public response,Closed with monetary relief,Yes,False
18394302,2025-12-31T17:02:13.000Z,2025-12-31T17:05:57.000Z,Checking or savings account,Checking account,Managing an account,Problem using a debit or ATM card,Revolut Technologies Inc.,FL,33139,,Web,,Closed with explanation,Yes,False
18394486,2025-12-31T17:01:44.000Z,2025-12-31T17:23:37.000Z,Credit card,General-purpose credit card or charge card,Getting a credit card,Card opened without my consent or knowledge,CAPITAL ONE FINANCIAL CORPORATION,IL,61704,,Web,,Closed with explanation,Yes,False
18394363,2025-12-31T16:59:26.000Z,2025-12-31T17:12:31.000Z,Checking or savings account,Checking account,Managing an account,Problem using a debit or ATM card,"Block, Inc.",CA,92395,,Web,,Closed with explanation,Yes,True
18394656,2025-12-31T16:59:08.000Z,2025-12-31T17:45:24.000Z,Credit card,General-purpose credit card or charge card,Getting a credit card,Delay in processing application,AMERICAN EXPRESS COMPANY,KS,660XX,Servicemember,Web,,Closed with explanation,Yes,True
18394374,2025-12-31T16:58:52.000Z,2025-12-31T17:13:07.000Z,Checking or savings account,Checking account,Managing an account,Deposits and withdrawals,CAPITAL ONE FINANCIAL CORPORATION,TX,76010,,Web,,Closed with explanation,Yes,True
18394386,2025-12-31T16:57:17.000Z,2025-12-31T17:15:34.000Z,Checking or savings account,Savings account,Managing an account,Deposits and withdrawals,DISCOVER BANK,NV,89149,,Web,,Closed with explanation,Yes,False
18394372,2025-12-31T16:56:04.000Z,2025-12-31T17:13:00.000Z,Vehicle loan or lease,Loan,Managing the loan or lease,Problem with additional products or services purchased with the loan,"Westlake Services, LLC",DE,199XX,,Web,,Closed with explanation,Yes,True
18394585,2025-12-31T16:55:10.000Z,2025-12-31T17:36:56.000Z,Prepaid card,General-purpose prepaid card,Trouble using the card,Trouble using the card to spend money in a store or online,AMERICAN EXPRESS COMPANY,NJ,08879,,Web,,Closed with monetary relief,Yes,True
18394292,2025-12-31T16:54:49.000Z,2026-02-10T20:54:44.000Z,Credit card,Store credit card,Incorrect information on your report,Information is missing that should be on the report,"Portfolio Recovery Associates, LLC",CO,80010,,Web,,Closed with explanation,Yes,False
18394245,2025-12-31T16:54:31.000Z,2025-12-31T16:59:41.000Z,Checking or savings account,Checking account,Managing an account,Problem using a debit or ATM card,ALLY FINANCIAL INC.,NM,87301,,Web,Company has responded to the consumer and the CFPB and chooses not to provide a public response,Closed with explanation,Yes,False
18394349,2025-12-31T16:53:48.000Z,2025-12-31T17:10:32.000Z,"Payday loan, title loan, personal loan, or advance loan",Installment loan,Charged fees or interest you didn't expect,,"Paramount GR Holdings, LLC",FL,32828,,Web,,Closed with explanation,Yes,True
18394478,2025-12-31T16:53:42.000Z,2025-12-31T17:23:17.000Z,Credit card,General-purpose credit card or charge card,Fees or interest,Problem with fees,SYNCHRONY FINANCIAL,ME,044XX,Older American,Web,Company has responded to the consumer and the CFPB and chooses not to provide a public response,Closed with explanation,Yes,True
18394313,2025-12-31T16:53:26.000Z,2025-12-31T17:07:10.000Z,Checking or savings account,Checking account,Problem with a lender or other company charging your account,Transaction was not authorized,JPMORGAN CHASE & CO.,NY,11710,,Web,,Closed with explanation,Yes,False
18394296,2025-12-31T16:51:12.000Z,2025-12-31T17:05:26.000Z,Credit card,General-purpose credit card or charge card,"Advertising and marketing, including promotional offers",Didn't receive advertised or promotional terms,CAPITAL ONE FINANCIAL CORPORATION,LA,70053,,Web,,Closed with explanation,Yes,False
18394821,2025-12-31T16:51:01.000Z,2025-12-31T18:00:44.000Z,"Payday loan, title loan, personal loan, or advance loan",Personal line of credit,Getting a line of credit,,PRIORITY PLUS FINANCIAL LLC,ME,04765,Servicemember,Web,,Closed with explanation,Yes,False
18394236,2025-12-31T16:50:14.000Z,2025-12-31T16:58:16.000Z,Credit card,General-purpose credit card or charge card,"Other features, terms, or problems",Problem with rewards from credit card,JPMORGAN CHASE & CO.,AR,727XX,,Web,,Closed with monetary relief,Yes,True
18749967,2025-12-31T16:47:00.000Z,2026-01-15T17:17:24.000Z,Checking or savings account,Checking account,Managing an account,Problem making or receiving payments,"CITIBANK, N.A.",NY,11940,,Referral,Company has responded to the consumer and the CFPB and chooses not to provide a public response,Closed with explanation,Yes,False
18394223,2025-12-31T16:46:19.000Z,2025-12-31T16:56:21.000Z,Credit card,Store credit card,Closing your account,Can't close your account,"Affirm Holdings, Inc",FL,32836,,Web,,Closed with explanation,Yes,True
18394369,2025-12-31T16:44:25.000Z,2025-12-31T17:12:52.000Z,Checking or savings account,Other banking product or service,Managing an account,Banking errors,"CITIBANK, N.A.",CA,90220,,Web,Company has responded to the consumer and the CFPB and chooses not to provide a public response,Closed with monetary relief,Yes,True
18394207,2025-12-31T16:43:20.000Z,2025-12-31T16:53:35.000Z,Checking or savings account,Checking account,Problem with a lender or other company charging your account,Transaction was not authorized,"Block, Inc.",TX,75021,,Web,,Closed with explanation,Yes,False
18394143,2025-12-31T16:42:15.000Z,2025-12-31T16:48:03.000Z,Credit card,General-purpose credit card or charge card,Incorrect information on your report,Account status incorrect,JPMORGAN CHASE & CO.,NY,11417,,Web,,Closed with explanation,Yes,False
18394405,2025-12-31T16:41:15.000Z,2025-12-31T17:16:38.000Z,Credit card,General-purpose credit card or charge card,Problem with a purchase shown on your statement,Credit card company isn't resolving a dispute about a purchase on your statement,GOLDMAN SACHS BANK USA,NJ,07430,,Web,,Closed with monetary relief,Yes,False
18394201,2025-12-31T16:40:38.000Z,2025-12-31T16:52:22.000Z,Credit card,Store credit card,Problem with a purchase shown on your statement,Credit card company isn't resolving a dispute about a purchase on your statement,"Bread Financial Holdings, Inc.",OH,44646,,Web,,Closed with explanation,Yes,False
18394275,2025-12-31T16:40:10.000Z,2025-12-31T17:03:02.000Z,Checking or savings account,Checking account,Problem caused by your funds being low,Overdrafts and overdraft fees,JPMORGAN CHASE & CO.,CA,94583,,Web,,Closed with explanation,Yes,True
18394799,2025-12-31T16:39:38.000Z,2025-12-31T17:58:48.000Z,Vehicle loan or lease,Loan,Incorrect information on your report,Account information incorrect,LOBEL FINANCIAL CORPORATION,CA,94565,Older American,Web,,Closed with explanation,Yes,True
18394295,2025-12-31T16:39:12.000Z,2025-12-31T17:05:23.000Z,"Payday loan, title loan, personal loan, or advance loan",Installment loan,Problem with the payoff process at the end of the loan,,"Paramount GR Holdings, LLC",FL,33431,,Web,,Closed with explanation,Yes,True
18394531,2025-12-31T16:38:06.000Z,2025-12-31T21:15:55.000Z,Checking or savings account,Checking account,Managing an account,Deposits and withdrawals,"FIRST CITIZENS BANCSHARES, INC.",WI,53218,,Referral,,Closed with explanation,Yes,False
18394315,2025-12-31T16:36:23.000Z,2026-01-07T15:53:45.000Z,Credit card,General-purpose credit card or charge card,Fees or interest,Charged too much interest,CAPITAL ONE FINANCIAL CORPORATION,CT,06830,Older American,Web,,Closed with monetary relief,Yes,True
18394255,2025-12-31T16:35:28.000Z,2026-02-10T01:21:35.000Z,Student loan,Federal student loan servicing,Dealing with your lender or servicer,Received bad information about your loan,Servicer under contract with Federal Student Aid,NC,XXXXX,,Web,,Untimely response,No,False
18394753,2025-12-31T16:34:09.000Z,2025-12-31T17:53:55.000Z,Checking or savings account,Checking account,Managing an account,Deposits and withdrawals,Comerica,TX,75455,,Referral,,Closed with explanation,Yes,False
18394325,2025-12-31T16:29:51.000Z,2025-12-31T17:08:20.000Z,Credit card,General-purpose credit card or charge card,"Other features, terms, or problems",Other problem,SYNCHRONY FINANCIAL,MI,49649,Older American,Referral,Company has responded to the consumer and the CFPB and chooses not to provide a public response,Closed with explanation,Yes,False
18394024,2025-12-31T16:29:02.000Z,2025-12-31T16:33:37.000Z,Checking or savings account,Checking account,Opening an account,Unable to open an account,JPMORGAN CHASE & CO.,NJ,07008,,Web,,Closed with explanation,Yes,False
18394128,2025-12-31T16:28:55.000Z,2025-12-31T16:46:37.000Z,Mortgage,Conventional home mortgage,Trouble during payment process,Payment process,Selene Holdings LLC,WI,53406,,Web,,Closed with explanation,Yes,True
18394138,2025-12-31T16:28:52.000Z,2025-12-31T16:47:13.000Z,Checking or savings account,Checking account,Problem with a lender or other company charging your account,Transaction was not authorized,JPMORGAN CHASE & CO.,NY,14450,Older American,Web,,Closed with explanation,Yes,True
18394231,2025-12-31T16:28:23.000Z,2025-12-31T16:57:54.000Z,Vehicle loan or lease,Loan,Managing the loan or lease,Billing problem,AMERICAN HONDA FINANCE CORP,MN,551XX,Servicemember,Web,,Closed with explanation,Yes,True
